Z,Pv,T,mu,HeatRR,C3H8,rxnC3H8,C3H3,rxnC3H3,O,rxnO,H,rxnH,OH,rxnOH,CO,rxnCO,H2,rxnH2,O2,rxnO2,H2O,rxnH2O,HO2,rxnHO2,H2O2,rxnH2O2,CH,rxnCH,CH2,rxnCH2,CH3,rxnCH3,CH4,rxnCH4,C2H,rxnC2H,C2H2,rxnC2H2,C2H3,rxnC2H3,C2H4,rxnC2H4,C2H5,rxnC2H5,C2H6,rxnC2H6,C3H6,rxnC3H6,I*C3H7,rxnI*C3H7,N*C3H7,rxnN*C3H7,CO2,rxnCO2,HCO,rxnHCO,CH2O,rxnCH2O,C2HO,rxnC2HO,C3H4,rxnC3H4,C3H5,rxnC3H5,N2,rxnN2
0.0,0.0,300.0,1.8275867543257546e-05,-0.0,0.0,0.0,0.0,0.0,0.0,0.0,0.0,0.0,0.0,0.0,0.0,0.0,0.0,0.0,0.23300970873786406,0.0,0.0,0.0,0.0,0.0,0.0,0.0,0.0,0.0,0.0,0.0,0.0,0.0,0.0,0.0,0.0,0.0,0.0,0.0,0.0,0.0,0.0,0.0,0.0,0.0,0.0,0.0,0.0,0.0,0.0,0.0,0.0,0.0,0.0,0.0,0.0,0.0,0.0,0.0,0.0,0.0,0.0,0.0,0.0,0.0,0.7669902912621359,0.0
0.005,5.386789059970122e-09,367.80331527686155,2.1262662912217508e-05,5.4367849804558505e-12,0.004999998787288994,-8.341123956863063e-19,2.0591044705329973e-44,-8.208114300850558e-37,1.8254662110622532e-27,-1.3055897368532783e-23,8.839396739028728e-34,9.341981705144458e-29,2.4745952717665953e-24,-1.1220718575685537e-19,5.622855732061991e-19,2.2780892088801454e-25,6.574358805687921e-27,2.442283554328124e-31,0.2318446561109822,-5.662179710665959e-19,1.8216926906759682e-09,3.407552367140135e-19,5.203421308959124e-14,7.455129136596912e-20,2.67449154017433e-14,1.061226251911985e-19,7.609552389852501e-45,-1.5166805938873132e-36,3.3065838383315867e-37,-3.6394984018059965e-30,1.6790125661829516e-20,-1.8510393434668517e-19,4.528144466564209e-22,9.049451584776617e-33,1.8891216796271098e-39,-7.997366733735804e-32,6.596848953998579e-18,9.090098984609068e-27,2.63181659554171e-33,-9.441974772943001e-27,1.0714163567771701e-16,1.3232935781671702e-22,1.1293443235786892e-31,1.6149332739777165e-27,2.3996948666498e-18,1.1982580972294339e-30,3.439456358139597e-16,3.5762120946877e-19,5.1215897139896054e-23,1.9624782625232004e-19,5.999921350459934e-18,2.5240836172429715e-19,3.565096368731868e-09,5.7095133978802466e-30,1.1840826413949616e-32,-2.3600257286994183e-25,2.274356673882677e-16,3.6981566951302833e-19,1.1157877028032417e-18,1.3108333915178525e-31,1.9374455821966056e-33,1.5553113921032371e-46,1.9761400990237166e-23,1.7201785419867607e-40,0.7631553397134794,0.0
0.00776,4.425536851791418e-09,422.44953324806175,2.348911534710942e-05,1.4135924436413775e-06,0.007760950047707974,2.8779966092324188e-18,7.872740893719631e-32,-2.3768227119008965e-24,4.900082187821291e-25,-9.467607536091342e-21,6.753330343138587e-29,-5.862835871811385e-23,5.99818815230554e-24,1.170078244622382e-18,5.948223000271242e-12,-2.9853648700566447e-20,4.584031795909842e-16,1.0067424251267303e-25,0.2312013355754314,3.2333971089504424e-13,1.4850861369095722e-09,-1.1864785702107207e-18,1.1994656898023492e-10,-6.670495646790762e-13,6.181570254100781e-11,3.437097790506083e-13,1.7046753222871476e-31,-2.5732531072723643e-23,1.0355882279833336e-29,-1.126908906669483e-22,8.782986970410145e-22,-2.5028046794603595e-20,2.6328736734693147e-16,-8.371516714754952e-33,6.049586574504519e-32,2.5319434538719383e-24,5.3626640947815676e-12,-6.065893193244569e-21,2.318867630552708e-27,6.300707158322771e-21,4.051298257027468e-12,1.989284869549571e-20,3.5498528241175623e-29,-9.306509690266935e-25,4.30694764239731e-18,2.4505809521464683e-33,2.6299348033924448e-11,9.316845947486259e-20,7.275445200386391e-24,-1.9462288796476823e-18,4.2699318051012565e-18,-9.919363798767027e-19,2.9345024918815744e-09,1.7678567732474515e-22,2.0565685108090283e-27,3.110183796023092e-20,2.2969834414507876e-12,7.127633650946296e-20,2.006523713881798e-13,-1.6531441649497293e-24,2.0199472880750332e-17,-7.441198424945437e-33,1.824122645380025e-14,-9.877440883959062e-31,0.7610377187824965,0.0
0.01052,1.946593715907539e-09,459.94349527949197,2.4920699096707856e-05,1.3951305169858978e-06,0.010521897394474245,-1.1048506327893073e-17,1.9778579616777542e-38,5.033013424920129e-31,3.800034747178824e-27,1.3331784996448715e-22,2.8029238548364057e-28,1.3893819870536114e-24,1.7834508099716773e-23,5.978913695735284e-21,1.6535133827857327e-11,-6.343221527510204e-22,1.922281406263344e-14,1.1073530837769179e-24,0.23055800274876245,3.193663824529137e-13,7.668163124941352e-10,4.513922163935251e-18,1.3773107150658301e-10,-6.58874483755256e-13,7.095756597466303e-11,3.395001909780408e-13,7.094291487876037e-37,9.026350213544868e-29,1.257305467011533e-32,1.3347921871774373e-25,4.677728753310874e-20,-2.467624429018807e-18,9.23090392449588e-16,3.830188439991659e-30,1.702478771191818e-32,6.951904861273391e-25,1.8050509343479933e-11,-1.7257117265602231e-22,7.826848087959742e-29,1.7925456845847055e-22,4.719129863235624e-12,2.516698318034922e-18,1.697661775979401e-29,6.093240446992625e-25,4.3815183863019875e-16,5.965543314993298e-30,4.72440878190115e-11,6.7879502076101144e-18,3.86907829863761e-22,-1.2076604734394017e-20,2.889282697868488e-17,-7.968917616712854e-21,1.1632422695855463e-09,-2.0782785604704753e-25,5.1637588629734e-29,6.570203241202247e-22,2.4258012201632297e-12,7.621785690529843e-18,2.1505939132202306e-12,-1.139461613576982e-24,1.1489888169894643e-14,-1.114340565645649e-29,1.8842519268478654e-12,4.1526925479225386e-30,0.7589200977668902,0.0
0.01328,0.06136725679645231,841.744003248301,3.7403997672407125e-05,8.311998689639225e-05,2.2997912660722525e-15,-3.5495068284512614e-18,1.237808829740362e-26,4.199544193021653e-24,1.8433345547588704e-15,3.2388326561378676e-13,3.7446383799302894e-18,-1.4394637159462606e-14,4.96575507431639e-11,-2.2891101115331453e-13,4.6005721012050925e-08,-8.045439844285143e-13,6.131778749293736e-12,-6.946235370378092e-18,0.18180592714028024,-6.713230048954962e-12,0.021674292265855565,2.5742599760299804e-12,1.6177815445009202e-10,1.7190479153317716e-13,1.1145536821310102e-12,-5.6230345128195405e-14,1.4698021759231046e-34,-4.277794117354971e-27,1.08906464058945e-21,-1.5057330764964114e-16,4.201365962790525e-16,1.3995163103664908e-18,5.259502559398039e-12,-4.356623201168423e-19,5.732423790262586e-20,-1.5567708974549293e-15,2.9768579976877557e-08,-8.745984998645378e-15,2.314204834247295e-18,-3.7047339410535927e-16,8.806077699565558e-11,2.7778157732577944e-16,2.4875752731132834e-23,-7.335837502432601e-20,1.6123668105111781e-15,-2.4724735991855654e-18,2.3606774316725285e-05,-1.908714250687443e-12,3.372068814278605e-23,-1.1402721091028412e-21,9.109214873448478e-19,-5.937826851606625e-17,0.039692918524875734,6.119647663840102e-12,4.2991481608465113e-19,-9.686713353851657e-16,1.8215315206934937e-10,9.220897895062902e-16,6.592870290486314e-07,5.509132437439793e-13,3.284617600753197e-11,4.516995667079038e-18,3.1675050277466094e-09,-3.925120553613935e-15,0.75680251653882,0.0
0.01604,0.075415608,988.4280785,4.15e-05,0.001317501,3.98e-22,-5.4e-23,6.45e-24,3.66e-22,6.18e-13,5.33e-14,6.46e-17,1.77e-16,5.41e-09,-1.38e-13,8.9e-09,-2.16e-11,1.38e-12,-4.73e-15,0.169841515,-9.03e-11,0.026942127,2.72e-11,3.11e-11,-4.67e-14,1.22e-12,1.18e-14,2.04e-33,-2.79e-26,8.22e-21,9.44e-19,2.89e-15,-1.21e-17,1.5e-12,-2.11e-16,8.12e-19,-1.32e-17,2.04e-09,-8.73e-13,3.48e-17,-2.08e-17,7.77e-13,-3.4e-15,7.56e-24,-3.86e-19,2.39e-18,-4.19e-19,1.68e-07,-1.93e-11,1.37e-28,-1.28e-25,9.32e-21,-9.97e-20,0.048473472,1.11e-10,5.66e-18,-2.01e-17,2.14e-11,-3.79e-15,5.43e-08,-5.7e-12,5.32e-12,-2.35e-14,8.99e-11,-4.08e-13,0.754742647,0.0
0.0188,0.08886868,1096.416143,4.44e-05,0.003214176,4.07e-30,5.21e-30,4.68e-24,1.55e-23,2.59e-11,1.32e-12,2.11e-16,2.73e-18,5.91e-08,-3.76e-11,1.65e-09,-6.12e-12,9.63e-13,-2.81e-15,0.158629971,-1.92e-10,0.03176659,9.42e-11,8.67e-12,-3.15e-14,1.09e-11,1.38e-13,2.66e-32,8.58e-27,8.1e-20,8.39e-20,7.05e-15,-4.77e-17,8.2e-13,-3.27e-15,2.72e-18,2.01e-17,4.37e-10,-1.68e-12,1.2e-16,1.9e-17,5.96e-14,-5.4e-16,1.79e-23,-9.09e-21,9.66e-19,1.93e-18,7.28e-09,-5.58e-11,2.86e-36,-1.4e-33,3.19e-22,1.57e-21,0.057102089,2.04e-10,1.64e-17,1.03e-17,6.52e-12,-2.58e-14,3.81e-09,-6.39e-12,3.85e-14,-2.74e-15,1.82e-13,-2.47e-14,0.752501278,0.0
0.02157,0.101482675,1194.859611,4.69e-05,0.016820841,2.78e-29,-1.25e-28,2.56e-23,-1.43e-22,1.89e-10,-2.03e-12,2.03e-15,-8.96e-17,2.35e-07,-1.57e-09,3.64e-10,-2.29e-11,4.69e-12,-9.84e-14,0.148102718,6.27e-10,0.036244512,8.66e-10,1.21e-11,-3.53e-13,2.53e-11,-3.48e-13,3.05e-31,-6.98e-28,7.74e-20,-1.1e-19,2.46e-15,-4.56e-16,1.48e-13,-1.36e-14,1.52e-18,-8.31e-18,4.66e-11,-3.79e-12,4.75e-17,-1.75e-17,1.07e-14,-1.43e-15,5.1e-24,-1.31e-22,6.53e-20,-5.27e-19,1.19e-10,-2.14e-11,1.9e-35,2.35e-33,1.68e-23,-6.85e-22,0.065238163,1.4e-10,5.7e-18,-4.47e-18,7.2e-13,-6.74e-14,3.71e-10,-1.12e-11,6.37e-15,-5.12e-15,5.71e-15,-1.02e-14,0.750414371,0.0
0.02433,0.113973291,1290.238205,4.92e-05,9.277563853,2.53e-28,-1.16e-26,3.05e-20,1.93e-19,1.29e-08,-1.09e-08,1.05e-12,-2.13e-12,2.68e-06,-8.74e-07,2.7e-08,-6.54e-08,3.93e-10,-3.93e-10,0.137599506,3.82e-07,0.040714246,4.67e-07,6.92e-10,-7.03e-10,6.75e-10,-5.53e-10,3.74e-27,-2.36e-26,1.51e-18,-2.94e-18,3.55e-15,-8.79e-15,3.31e-14,-4.42e-14,5.12e-18,1.49e-16,1.09e-11,-2.88e-11,8.23e-17,-2.86e-16,3.67e-14,-2.75e-13,1.92e-24,-8.31e-21,2.55e-21,2.41e-19,1.33e-11,-3.23e-11,6.02e-34,3.04e-29,3.99e-22,1.01e-19,0.073259018,1.03e-07,9.48e-18,-1.49e-17,1.25e-13,-2.85e-13,1.72e-11,-2.43e-11,4.16e-13,-3.31e-12,4.44e-13,-6.51e-12,0.748424513,0.0
0.02709,0.128045946,1399.273695,5.18e-05,73.83236007,6.65e-28,8.65e-26,2.06e-22,-8.97e-21,6.99e-08,-1.49e-07,1.29e-11,-6.01e-11,8.54e-06,-6.94e-06,9.45e-08,-4.05e-07,2.65e-09,-6e-09,0.125761272,3.14e-06,0.045998684,3.73e-06,2.04e-09,-5.4e-09,1.46e-09,-3.05e-09,2.34e-28,-3.89e-26,6.21e-21,-2.26e-19,6.13e-20,-2.31e-18,4.1e-19,-9.61e-18,1.27e-20,3.79e-19,6.68e-15,-1.17e-13,1.68e-20,-1.25e-18,1.32e-17,-6.14e-16,8.13e-28,6.05e-25,4.05e-26,1.24e-23,1.65e-17,-5.03e-16,1.58e-33,-1.21e-28,2.49e-27,1.9e-23,0.082047168,6.37e-07,7.5e-20,-2.17e-18,7.82e-18,-3.47e-16,9.45e-15,-9.27e-14,1.61e-16,-7.7e-15,2.45e-17,-2.78e-15,0.746184164,0.0
0.02985,0.139715302,1484.110174,5.38e-05,153.7284238,9.15e-28,1.98e-25,3.61e-26,-4.8e-24,1.5e-07,-3.36e-07,4.01e-11,-1.68e-10,1.55e-05,-1.47e-05,1.87e-07,-5.68e-07,6.63e-09,-1.53e-08,0.116073742,6.79e-06,0.049890125,7.9e-06,2.62e-09,-7.46e-09,1.67e-09,-3.77e-09,3.52e-31,-7.12e-29,2.54e-24,-1.95e-22,4.95e-25,-9.02e-23,6.97e-24,-8.16e-22,4.36e-24,-5.13e-22,1.07e-18,-3.8e-17,5.09e-25,-7.73e-23,3.26e-22,-3.59e-20,4.64e-32,-2.69e-29,3.86e-32,2.18e-29,1.11e-24,-1.86e-22,1.76e-33,-1.21e-27,1.47e-34,-1.13e-28,0.089824991,8.92e-07,3.37e-19,-5.59e-18,2.08e-22,-2.2e-20,1.72e-18,-4e-17,3.98e-21,-4.43e-19,1.08e-23,-4.86e-21,0.744195295,0.0
0.03261,0.152227537,1574.084819,5.58e-05,490.4134617,2.55e-27,1.04e-24,1.34e-28,-4.81e-26,4.14e-07,-1.46e-06,1.85e-10,-1.27e-09,3.16e-05,-4.48e-05,6.6e-07,-2.69e-06,2.17e-08,-7.86e-08,0.10559811,2.04e-05,0.054268945,2.44e-05,4.65e-09,-2.17e-08,2.57e-09,-1.02e-08,3.04e-33,-2.01e-30,3.97e-27,-1.1e-24,1.05e-27,-4.69e-25,9.72e-27,-2.4e-24,4.92e-27,-3.6e-24,5.01e-22,-4.03e-20,4.05e-28,-1.76e-25,1.79e-25,-4.28e-23,1e-33,1.2e-28,2.03e-32,-2.38e-29,1.23e-28,2.18e-26,4.9e-33,7.52e-27,4.1e-34,4.61e-28,0.097957932,4.22e-06,4.1e-18,-9.25e-17,1.58e-25,-3.39e-23,6.87e-22,-3.77e-20,2.27e-24,-5.51e-22,5.04e-29,-6.11e-26,0.742142283,0.0
0.03537,0.166091004,1672.661666,5.79e-05,1463.705638,1.43e-27,-1.06e-24,1.59e-30,-9.76e-28,1.1e-06,-5.41e-06,8.27e-10,-8.04e-09,6.32e-05,-0.000125518,2.34e-06,-1.26e-05,7.02e-08,-3.52e-07,0.094010664,5.45e-05,0.059297531,6.97e-05,7.92e-09,-5.28e-08,3.89e-09,-1.9e-08,5.42e-35,-7.14e-31,1.29e-29,3.24e-26,9.77e-29,1.57e-25,2.49e-28,-4.49e-26,1.15e-29,2.2e-25,4.97e-25,-8.84e-23,1.59e-30,1.98e-25,6.65e-28,-2.05e-25,6.35e-34,-2.59e-28,1.36e-31,3.25e-28,4.97e-29,-1.06e-25,2.8e-33,-3.7e-26,2.43e-34,5.96e-27,0.106791137,1.97e-05,4.79e-17,-2.35e-15,7.36e-28,-4.5e-25,6.12e-25,-7.88e-23,4.27e-27,-2.64e-24,4.94e-32,-9.15e-29,0.739833925,0.0
0.03813,0.178689693,1759.42398,5.98e-05,2890.628645,1.07e-27,1.22e-24,2.23e-34,-3.11e-31,2.17e-06,-1.14e-05,2.39e-09,-2.26e-08,0.000104147,-0.000235802,5.94e-06,-3.29e-05,1.65e-07,-8.82e-07,0.083455295,9.64e-05,0.063679612,0.000133009,1.06e-08,-7.58e-08,4.89e-09,-2.57e-08,2.06e-36,6.23e-31,1.29e-31,-1.35e-27,1.38e-28,2.56e-28,2.12e-28,-1.65e-27,9.24e-32,-2.55e-28,2.09e-27,-4.03e-26,5.72e-31,4.69e-27,2.22e-28,-1.31e-27,3.8e-34,-3.27e-29,7.75e-35,3.09e-31,8.17e-30,-3.31e-27,1.82e-33,-1.54e-27,1.86e-34,-4.64e-28,0.115004138,5.16e-05,2.75e-16,-5.35e-15,1.61e-28,-1.46e-28,1.33e-27,-2.99e-26,1.36e-31,-2.08e-28,1.52e-34,-3.33e-33,0.737748516,0.0
0.04089,0.191979747,1849.641661,6.17e-05,6251.382151,8.79e-30,1.57e-26,2.45e-38,-5.87e-32,4.44e-06,-2.72e-05,7.59e-09,-8.34e-08,0.000173854,-0.000462833,1.62e-05,-0.000102676,4.14e-07,-2.58e-06,0.072340316,0.000165265,0.068386596,0.000268999,1.52e-08,-1.3e-07,6.6e-09,-3.99e-08,2.22e-35,5.88e-29,1.79e-33,-1.16e-27,1.09e-30,-4.47e-27,1.94e-30,1.4e-27,1.1e-33,-4.54e-27,2.18e-29,9.03e-27,4.17e-33,-5.73e-27,1.91e-30,1.25e-27,3.48e-39,-4.21e-34,1.41e-42,9.54e-39,1.17e-31,3.54e-27,1.49e-35,1.33e-28,1.43e-36,-8.45e-28,0.123576906,0.000161324,1.87e-15,-5.49e-14,1.31e-30,3.95e-27,1.4e-29,3.66e-27,2.16e-35,1.31e-32,1.95e-36,-2.34e-32,0.735501199,0.0
0.04365,0.204406023,1931.598175,6.33e-05,14160.01188,6.62e-29,1.82e-25,9.6e-37,-1.57e-32,8.92e-06,-6.69e-05,2.39e-08,-3.21e-07,0.000280075,-0.000906976,4.33e-05,-0.000332132,1.02e-06,-7.79e-06,0.061895812,0.000239633,0.072730578,0.000552979,2.35e-08,-2.49e-07,9.38e-09,-7.04e-08,2.79e-35,-7.75e-29,3.81e-32,-6.02e-28,1.88e-29,-1.2e-27,1.75e-29,4.19e-28,1.49e-32,-1.49e-27,9.73e-29,1.34e-27,5.95e-32,-1.11e-27,1.26e-29,2.14e-28,1.23e-37,-2.69e-34,4.32e-39,4.79e-35,1.77e-31,2.78e-28,1.15e-34,-1.28e-28,1.34e-35,-2.84e-28,0.131632125,0.000521845,1.28e-14,-4.01e-13,1.02e-29,7.62e-28,5.63e-29,4.87e-28,4.34e-35,9.91e-34,5.22e-36,-3.14e-33,0.733408092,0.0
0.04641,0.217271786,2017.031698,6.51e-05,27440.64638,3.76e-29,1.51e-25,6.44e-36,1.51e-30,1.62e-05,-0.000125974,6.76e-08,-8.99e-07,0.000427279,-0.001500896,0.000107703,-0.000844285,2.38e-06,-1.87e-05,0.050996457,0.000194556,0.07735543,0.000970079,3.23e-08,-3.46e-07,1.23e-08,-8.71e-08,1.42e-32,-2.39e-26,5.81e-32,7.05e-27,1.47e-29,9.41e-27,9.86e-30,-6.7e-27,1.5e-32,1.39e-26,4.39e-29,-2.46e-26,4.78e-32,1.21e-26,6.68e-30,-4.31e-27,1.77e-34,-4.12e-30,5.41e-34,-9.35e-30,5.08e-32,-3.65e-27,6.77e-35,1.29e-27,8.46e-36,2.97e-27,0.139808653,0.001326536,7.38e-14,-3.47e-12,5.86e-30,-6.86e-27,2.42e-29,-9.36e-27,1.44e-35,-2.71e-32,2.18e-36,4.7e-32,0.731285794,0.0
0.04918,0.230120162,2094.911499,6.66e-05,158253.8808,3.86e-29,-3.17e-25,1.89e-33,-3.87e-28,5.14e-05,-0.000767278,4.69e-07,-1.29e-05,0.00084653,-0.005329056,0.000489349,-0.007194818,1.01e-05,-0.0001527,0.039919946,-0.002148309,0.08185483,0.004303027,9.86e-08,-2.02e-06,2.95e-08,-4.17e-07,4.87e-32,6.24e-26,2.1e-31,1.34e-25,1.29e-29,5.87e-26,1.02e-29,-5.98e-26,5.28e-33,1.44e-25,5.06e-29,-3.23e-25,8.02e-33,1.84e-25,7.91e-30,-6.45e-26,9.47e-37,1.21e-31,2.84e-42,1.03e-37,1.32e-31,-5.24e-26,8.13e-35,3.33e-26,8.4e-36,5.73e-26,0.147775983,0.011304463,1.96e-12,-2.33e-10,5.79e-30,-2.48e-27,2.43e-29,-7.17e-26,7.96e-35,-8.33e-31,1.01e-35,2.42e-30,0.729051274,0.0
0.05194,0.242304243,2167.6894,6.8e-05,306722.7728,1.4e-28,1.65e-24,5.81e-32,8.42e-27,8.47e-05,-0.00123452,1.3e-06,-3.38e-05,0.001193696,-0.007294433,0.001197398,-0.016465938,2.36e-05,-0.000338467,0.029482879,-0.007691682,0.086133587,0.007190874,1.34e-07,-2.73e-06,3.84e-08,-5.44e-07,2.28e-30,-2.4e-24,7.72e-31,1.58e-25,5.68e-29,2.53e-26,1.91e-29,-2.59e-26,1.26e-31,6e-26,1.12e-28,-1.44e-25,4.31e-31,8.5e-26,2.68e-29,-3.25e-26,7.22e-36,8.72e-32,5.82e-40,-3.12e-35,1.61e-31,-2.51e-26,4.29e-34,2.08e-26,5.66e-35,3.14e-26,0.154973258,0.025871201,1.14e-11,-1.24e-09,2.58e-29,2.88e-27,5.55e-29,-2.08e-26,3.13e-34,8.91e-31,3.66e-35,1.94e-30,0.726909398,0.0
0.0547,0.254094012,2233.524297,6.92e-05,540326.9068,9.85e-28,-1.6e-23,2.78e-33,-1.43e-30,0.000123831,-0.001667561,3.38e-06,-7.66e-05,0.001566373,-0.008707563,0.002854994,-0.032425181,5.44e-05,-0.000663351,0.019484075,-0.018628138,0.090397386,0.011225703,1.63e-07,-3.05e-06,4.6e-08,-5.43e-07,1.31e-29,1.08e-23,1.32e-29,3.19e-24,4.07e-28,-3.15e-27,1.28e-28,4.19e-27,1.13e-30,-1.16e-26,7.9e-28,5.42e-26,3.58e-30,-3.2e-26,1.93e-28,1.66e-26,6.39e-35,5.62e-32,1.81e-35,1.36e-30,1.01e-30,1.94e-26,3.26e-33,-8.75e-27,4.38e-34,-1.32e-26,0.160841632,0.050946296,6.21e-11,-8.91e-09,1.86e-28,-7.93e-27,2.91e-28,2.65e-25,1.56e-33,1.05e-30,3.28e-34,-2.49e-30,0.724673699,0.0
0.05746,0.2624894755102041,2258.9724951616777,6.971296530977687e-05,1941944.0980917893,1.3068549027099308e-43,-3.832841227169705e-39,1.5719875893318573e-33,-1.0229834779987376e-28,0.00022893600159004733,-0.0054712529060846294,1.3405520353346953e-05,-0.00043755025530657925,0.002208133027974602,-0.021184432479562202,0.008382915922448114,-0.11797151191135645,0.00016320174350816646,-0.0026612344060876368,0.01237704034326338,-0.07653469100631709,0.09363158999675031,0.03891677812947354,3.0544973331737907e-07,-1.0199701143605284e-05,8.019794866896608e-08,-2.1627044717674426e-06,7.263342571324015e-27,3.391772529541804e-21,9.63694621749564e-27,1.05183945851763e-21,2.015545698937147e-27,-1.3488325653551263e-23,4.7925120114591465e-28,-5.241866252833127e-26,4.05972337820006e-34,-9.614669935293912e-30,1.824115998833935e-31,-4.0086424975029386e-27,1.1041071539686118e-35,-8.231284863139925e-31,9.794286570175027e-35,-6.3627378748444e-30,1.7202481652143306e-39,-9.332741936228823e-35,3.0447708439783145e-39,-3.747030202010926e-36,1.9633932625044e-46,5.1513398400505796e-42,7.322593061955376e-49,-8.288443218314602e-42,9.761668778799183e-50,-1.1774014754982389e-41,0.16047497021445467,0.18535634688228414,6.935712813655251e-10,-6.537933627789128e-08,1.1484254181685108e-27,-3.419807539691704e-25,2.962920946116964e-26,-3.204497333173791e-21,5.013798674959718e-35,-7.109001411594626e-30,5.250257421336576e-38,-1.1223843672220335e-32,0.7225194387247206,0.0
0.06022,0.2624894755102041,2180.63701040448,6.809826262572199e-05,18499031.016861007,3.7101124946545947e-29,-3.774348567573579e-24,7.115308139854435e-18,-3.0918901575577154e-13,0.0006794970736010727,-0.08142578133056166,7.38152485020408e-05,-0.011597041949941631,0.0035560780574979906,-0.14097327786434505,0.022193728095750292,-0.8330254894743983,0.000497208567970278,-0.0283184321190935,0.012170879851701847,-0.6447460360912004,0.09353085445502049,0.4314475524283015,1.1019208083673468e-06,-0.00015364928217957794,3.116988283758182e-07,-5.461814145090487e-05,3.4400931160430443e-19,-1.6559271800790113e-14,5.383349347320745e-19,-2.0682521265806667e-14,2.8534873609064257e-19,-9.84705812648285e-15,5.37402118554023e-20,-1.6358779678491307e-15,3.6755237267323777e-20,-1.4623189532972637e-15,1.1179121321969176e-17,-4.2345312433176677e-13,1.3898672359849804e-19,-9.136857559394671e-15,4.0471872753098124e-19,-2.655492435269614e-14,7.136566806663831e-24,-4.609850000005537e-19,7.60408599936695e-30,2.5750465359542506e-24,3.8026894807985307e-31,-6.119312339510964e-26,1.0110945966200985e-33,-1.3337550904146301e-28,1.2993512438492084e-34,-1.028327464558281e-29,0.1467648929594333,1.3088491854925883,1.1158474347316131e-08,-2.4492468703195984e-06,3.31729914402279e-18,-1.4357243673781265e-13,9.671351621025783e-18,-3.342570190459756e-13,5.4440830689665675e-18,-4.920460683720901e-13,5.756006108235107e-20,-8.594347691536219e-15,0.7205316378778355,0.0
0.06579,0.2624894755102041,1986.4224876498226,6.407315242671702e-05,199778225.59351042,5.016565793381978e-15,-1.6886623582745833e-09,1.894619854304425e-08,-0.00037777945340409564,0.0018780216913750565,-0.952867565086333,0.00038288282910318,-0.09481910979686894,0.00482124840037498,-0.1861798441661009,0.047749157646857804,-18.206193066026568,0.0013254721514595117,0.25431570261595526,0.012686440675292059,-8.133368586333965,0.09143996087594294,-1.312854024848078,2.7153302527637414e-06,-0.002410585403364535,1.7822563498324227e-06,-0.002090482983678326,3.4203214639187395e-09,-0.00015710313951902995,2.3956266646853424e-09,-8.26973163994054e-05,1.2688540363313405e-09,-5.550496511305047e-05,2.3190040317205078e-10,-1.4021064599744777e-05,1.86717608938396e-10,-5.670924918800921e-06,5.362909908708882e-08,-0.0016744261529540365,2.8994039138937314e-09,-9.462949902663007e-05,7.720921445475409e-09,-0.00025217894339909407,2.1361443325371263e-13,-8.794109660759777e-09,8.793534942262691e-18,-3.452824542882892e-12,4.468197320723037e-16,-1.0462749598874402e-10,9.885077314779063e-19,-3.532480027457825e-13,1.8407437662519222e-19,-4.001563951187999e-14,0.12330035698740335,28.650832301677593,1.5999607381071466e-07,-0.00017778710003686982,1.4516280540155469e-08,-0.0004924125480291196,1.897868699090828e-08,-0.0006867301564839129,3.073174005388653e-07,-0.009283857797226621,3.034777007407061e-08,-0.0010098442411735483,0.716411338973489,0.0
0.07136,0.2624894755102041,1928.1195244350974,6.269593356735874e-05,1640304452.3232903,8.054939644376044e-07,-0.23992965155568313,2.9413115313377524e-05,-1.7601678059232224,0.0013054875711067363,13.13884992799439,0.00040165130425708583,6.623963500318484,0.0037375639463446066,24.907714249303645,0.08146265838063375,-7.1568026391395225,0.00194165097859338,-11.274131171729849,0.0154662700838092,-250.40601416408748,0.09818284570811672,87.24773979278832,3.9750458007726865e-06,-0.08640367905422972,1.5395933567358735e-06,0.005162436614446788,1.3337428301787233e-05,-0.30903891714666787,1.2953694032352298e-05,-0.546491127036945,5.876365892854228e-05,-6.809879847715369,2.6697679990828292e-05,-3.5751220365511105,8.081245612023748e-07,-0.04144896188377379,0.00035407738050681297,-27.126252387922875,4.500913448817416e-06,-0.5158675373768268,2.442614501931716e-05,-4.2241496863975705,4.5307644887018274e-07,-0.14033952838639538,4.500200324578323e-08,-0.021878910680141098,4.916623576002766e-08,-0.015915988921939295,1.8125829977598404e-10,-5.2902833653799065e-05,2.910266243892328e-11,-6.764848042830672e-06,0.08284397142145361,206.48960394819022,3.3613115313377526e-06,-0.19348438456454714,0.00011833099579619064,-9.472435799544636,0.0001488437554051098,-11.446515869591497,0.00019045017061229138,-2.716890125894997,2.1165893330276097e-05,-0.3338138680325077,0.7136438442670809,0.0
0.07692,0.2624894755102041,1908.1125769162873,6.206797586394904e-05,3210276646.43819,1.767507405426766e-05,-3.277377455915138,0.0002103144251242423,1.05906175534945,0.00043417797696013985,4.437846470902952,0.00027567369972509025,5.558239077988516,0.00199451944003902,17.364969470736376,0.09325825068994606,167.33885437202198,0.002771263541087063,-7.234594594050794,0.017504572023161066,-338.8544152957099,0.1005258734298072,149.5922764197486,5.254697751006383e-06,-0.20115137054166632,5.063398793197453e-07,0.0006599792097631514,2.036601206802548e-05,0.5481298338272063,4.1750301700636985e-05,0.22076912843571025,0.0004325057577662994,-15.032769919444327,0.0002316882803100263,-12.136657534681326,2.5550301700636986e-06,-0.0009383703964726108,0.002256258200021211,-56.99217614205369,2.0996675809426846e-05,-1.4580627235868122,0.0002358535562305873,-25.07961140859404,9.008458584968214e-06,-1.354429314365737,2.654561711541423e-06,-0.6383148191270936,1.4400452002598841e-06,-0.2629856785956356,2.7207701591592588e-09,-0.000569485523548532,5.063307734649724e-10,-0.0001552928143760343,0.0687053520505715,137.7205247236895,7.170120680254795e-06,-0.10522113151625931,0.0005005758786664192,-11.941830644945782,0.0008230756368677468,-9.935334823211637,0.0005144875264960743,0.9224526245581715,4.937643444891726e-05,-0.25718775020518114,0.7091468625399888,0.0
0.08249,0.2624894755102041,1848.25719193037,6.066391789288126e-05,1564605069.3846684,6.629375167007347e-05,-4.65497907188368,0.00018431742940861937,0.8540592729491978,8.290886568569499e-05,0.6026314540524276,0.00011274094535083801,1.7399168057372194,0.000618075534776589,3.4740767502037473,0.09624570350295848,83.71514231208215,0.003516011888349044,-1.7204687619673773,0.01773305418296483,-153.98605940612435,0.10208856400024885,74.2933205556794,6.642493354902077e-06,-0.17312373779836945,7.807030612122114e-08,1.8986956085649288e-05,5.490309682169389e-06,0.06739316101698953,3.5582268628610024e-05,0.19907255147278646,0.000839803095653312,-2.775240599948007,0.0008857290748477478,-8.107596334746276,1.7281649264271243e-06,0.009068376172500607,0.005470486495681664,-20.397840098203808,2.0395664449628568e-05,-0.49041073482322056,0.0006147030636833668,-21.122696822393316,3.246473184217216e-05,-1.0177960938746662,2.4637515420748414e-05,-1.3618005836042233,5.9467598469431515e-06,-0.3454393639377564,5.25113075335677e-09,-0.00047156935708782895,1.0120983861045562e-09,-0.00015479267412946666,0.06415520800699676,50.19217743435531,3.4415873278373654e-06,-0.000493896747070693,0.0006521641859252676,-1.659411646832651,0.0018194431179859097,2.246313566412529,0.00046371486091643086,0.5570100613533306,3.781587327837365e-05,-0.13621774745141815,0.7042767585147074,0.0
0.08806,0.2624894755102041,1799.1702298657328,5.945121231076281e-05,685434026.896574,9.331215585148736e-05,-2.8750256747089047,8.552495267616422e-05,0.13397438023820107,2.4503159550350768e-05,0.08131953897601131,5.1218442208329636e-05,0.5839906409285077,0.00023200150275046798,0.8053988841166614,0.09734325050805887,36.24252879074543,0.003858791213175639,-0.2583323979986091,0.017178380962125844,-66.62583021219514,0.10206534066715586,32.58943720869574,7.968670229344636e-06,-0.1014659237399591,1.8508743722227154e-08,-3.455995603298996e-05,1.3345628138886426e-06,0.010255797903050624,2.1716017586804016e-05,0.06512528734808039,0.000905898387193168,-0.025990642066132778,0.001943888198444545,-4.494434144215816,9.83864070347216e-07,0.0026103913432168474,0.008935279797245645,-6.466245360042529,1.4088141338029476e-05,-0.13860725431251278,0.0008823250256274531,-11.32469774602118,4.975973619793978e-05,-0.34533590901606215,6.8297135708374e-05,-0.915658122299938,9.15294661407068e-06,-0.18435933424285875,4.190345480907553e-09,0.00034419970815018227,8.329500634557314e-10,0.0003744689938815073,0.06308088411897174,21.377474060045053,1.396796482639197e-06,0.0005022289625898561,0.0006006199345723234,-0.1845102737659171,0.002552028620890118,2.040746743492732,0.00025737571464687283,0.07406677673527112,1.912792085938193e-05,-0.06762188575532706,0.6997155504222685,0.0
0.09363,0.2624894755102041,1758.8918146932087,5.844999552781657e-05,381948512.2224618,9.744927639505353e-05,-1.7651747586383193,4.673325581548717e-05,0.04068527702775211,1.0875006708275149e-05,0.02157214418067119,3.108332289823866e-05,0.2412969002912579,0.00011697870928076985,0.25928835175578785,0.09829172423424183,19.954735707005412,0.004227442819433946,0.0696987249624387,0.016181429138239115,-36.65661256164343,0.10235885630176139,18.091488359416466,8.910858452096947e-06,-0.06591225333409928,8.739181797553946e-09,-2.805008497148522e-05,4.735829382904635e-07,0.00177063138358721,1.433332737042209e-05,0.02873240459988715,0.0008203277479618592,0.32668974956342745,0.003001431521836003,-3.021080774593047,6.603330948168836e-07,0.001120319004473111,0.012654885156475518,-2.763056354087926,1.1233363147889552e-05,-0.05164652743061078,0.0010617243140668108,-6.937043841428029,5.38667531288797e-05,-0.12251490705564355,0.00011038202546413853,-0.5850992496558246,1.0775051430109475e-05,-0.10705812601256068,3.1958597937519765e-09,-0.0007456806977858164,6.691710643137088e-10,-0.0005575765945857519,0.06183889497420085,11.56877021080308,7.317505143010948e-07,0.0007026352434279527,0.0005223866575070031,-0.04384654290608557,0.002912723742622546,1.5423325923436229,0.00018997641144747064,0.009049092093838916,1.4016694990495073e-05,-0.03755586851247752,0.6954095135858617,0.0
0.0992,0.2624894755102041,1717.9923320322048,5.7388423343966016e-05,221389083.21712667,9.335644331033362e-05,-1.0724681458191487,2.611686845560922e-05,0.015697774652661704,5.398313154439078e-06,0.004961246901447605,2.0460529179957524e-05,0.10342716928195687,6.378158753987258e-05,0.08831274856804208,0.09860695026439192,11.44117144376663,0.0045928522858171995,0.14182626642159993,0.015001428745105964,-21.072604735559292,0.10289282865264579,10.487513863313135,9.497354100212379e-06,-0.04067649700634668,5.9209923813129855e-09,-1.925259148059466e-05,1.8193164195906553e-07,0.0005982729006868406,9.461896340776212e-06,0.012514012814482927,0.0006817509236780159,0.26786213796708935,0.004013093969232929,-2.017547493624984,4.435369337586408e-07,0.00043580864463893445,0.01671129393631929,-1.1472898903036879,9.37761869019114e-06,-0.02345994861876776,0.0011957919147390248,-4.305590646697521,4.991312066055218e-05,-0.041652089010028176,0.00014620591727535566,-0.3519965522948844,1.1911025708399271e-05,-0.06073717024146205,2.4676737849546116e-09,-3.454564683811529e-05,5.53471908426335e-10,-4.015920960791627e-06,0.06098969615104963,6.578083735395123,4.074840157628884e-07,0.00011691179859668873,0.00043563851039226157,-0.03484456100951507,0.00306081220514168,1.0529164070919814,0.00016120806250330828,-0.005472022039404856,1.225314242822937e-05,-0.021040208143675562,0.6911978828939986,0.0
0.10477,0.2624894755102041,1673.801489228958,5.622201210607247e-05,121811457.54820094,7.367866833202786e-05,-0.5294941328090516,1.3491401934410684e-05,0.005527487871575561,2.584591525749268e-06,0.0014879144604245797,1.3281341404048316e-05,0.0398677887794165,3.378134140404831e-05,0.026335093240063254,0.09827621625352928,6.1880814327961735,0.005016785794852683,0.12435355671333276,0.013532368125260819,-11.469981265343728,0.1042513812379238,5.759131816438714,9.659793223160323e-06,-0.022631971957783548,4.848030751984993e-09,-1.2098537535226944e-05,6.486938982833821e-08,4.377231475788432e-05,5.900335351012079e-06,0.004517012904164911,0.0005256750498424231,0.1498413689795301,0.0051102038215218035,-1.281469624919764,2.7944024212144943e-07,0.00013202461861643895,0.0216435568611643,-0.4167884317875047,7.887884505507686e-06,-0.009071310701659372,0.0012833154470283912,-2.479181459298464,4.103585472713031e-05,-0.011039034984489849,0.00017425366669163167,-0.18260510406260455,1.2479878939275257e-05,-0.03031316080844483,1.5887014540091514e-09,-0.0003714327058255822,4.232140680244877e-10,-0.00031681341342684505,0.059961878018750976,3.565326439038819,2.194926876761347e-07,9.491568826923937e-05,0.0003454122647994991,-0.034952557858788244,0.0030780774584543806,0.6222784414269551,0.00014889843560721852,-0.007918138279762201,1.1567927363565156e-05,-0.010872530452006392,0.6864260661391558,0.0
0.11033,0.2624894755102041,1634.9833220528558,5.519926938955504e-05,67594580.54753104,5.590959156674409e-05,-0.25781608503838455,7.056858375086669e-06,0.002116716573688382,1.2904383662669765e-06,9.818907908293672e-05,8.836496190896176e-06,0.01542564658483026,1.88e-05,0.00822073022569358,0.09750349629555469,3.3783759519015444,0.005331827220133891,0.09101669939862515,0.012038668656689556,-6.314902629036115,0.10525996206243445,3.185443299773647,9.313583112212294e-06,-0.012457737080799836,4.426791556106147e-09,-6.934532905790742e-06,2.429926938955504e-08,2.8585419001420655e-05,3.69e-06,0.001689908826262597,0.0003933427079968358,0.07171080311334199,0.0060430193034619935,-0.7978878110856147,1.7632115649258398e-07,5.6335799911803064e-05,0.026426327286493988,-0.12126549359393768,6.793653052224803e-06,-0.004130881021870367,0.0013369921783762484,-1.4176915917514994,3.114307480593281e-05,-0.002851441353433532,0.00018791738363377374,-0.0938009273596341,1.281095915667441e-05,-0.015225238173191206,1.004885287051197e-09,9.305563990680872e-08,3.2776682886400995e-10,1.0307306104449606e-05,0.05972601648798364,1.9853227842239776,1.2303653052224804e-07,4.201042713643643e-07,0.0002707894626958685,-0.030163824631215752,0.0030052356772396474,0.3411277468750134,0.00014621404226166268,-0.006728596288327469,1.1340152364152966e-05,-0.00571506581720355,0.6821627617638222,0.0
0.1159,0.2624894755102041,1596.3361119261276,5.417419817944209e-05,34752195.86049855,3.372522756973918e-05,-0.09585766417171307,3.3371062678562772e-06,0.0006512309261224696,6.035466736064281e-07,-5.7530875417950444e-05,5.621290091027896e-06,0.005080167384787051,1.0012900910278958e-05,0.002111439175666454,0.09607984987489798,1.6943465910428543,0.005612279579369877,0.05603138579482947,0.010376719829676853,-3.208559127689209,0.10674645394459151,1.6228685443277608,8.475438023523342e-06,-0.006138648329543646,4.076749648956941e-09,-3.5954523797938116e-06,8.232900910278956e-09,4.478666840160699e-06,2.153870273083687e-06,0.000488608345122325,0.00027845158908751394,0.026483295893060463,0.007007689837430832,-0.46027684245347755,1.0374198179442087e-07,1.7157946424226795e-05,0.03152080383607532,-0.017555580450734663,5.762237919426924e-06,-0.0015866745212869367,0.0013719854685832957,-0.7321382468431907,2.147091911585809e-05,-0.000882586963163515,0.00018986417993380558,-0.04283810388751661,1.2887027308368703e-05,-0.00667349847380374,4.792486866297747e-10,5.216057945563972e-06,2.3273982835385062e-10,1.877084733450575e-05,0.05966317169071458,1.036470469780279,6.5690162809248e-08,2.413156869408401e-07,0.0002049098608385409,-0.021211378261956546,0.002858285614328204,0.15697424512017982,0.00015004706495782256,-0.005005349754884123,1.1358018205579136e-05,-0.002766968762317698,0.6778238815332726,0.0
0.12147,0.2624894755102041,1560.5770679309612,5.318058389435133e-05,16116524.176840737,1.7533666148959788e-05,-0.0288352337218814,1.4229780769873713e-06,0.00012370879737185235,2.5803212497910435e-07,2.211212282114802e-05,3.3504525720711824e-06,0.0012882603635800806,5.088219014330654e-06,0.00041635471108551314,0.09409476883349968,0.7635918576375316,0.005812290741821801,0.030539264086285132,0.008621540799633454,-1.4715708746468146,0.10859500747295564,0.7421593028162424,7.285912739540752e-06,-0.0028106896776238176,3.6564673312766914e-09,-1.9124234852514333e-06,2.425532884518943e-09,-1.688190790693441e-07,1.1585109615063144e-06,0.00011870703163381616,0.0001858213695366473,0.00711670150015076,0.008055210482425726,-0.2378161732834522,5.6331387018828925e-08,-2.458997067003163e-08,0.03675469566531708,0.014825067870169812,4.692423485251433e-06,-0.0005955959591751137,0.0014286235048286554,-0.33554077080358086,1.3235912739540754e-05,-0.00035121854072093936,0.00018079667156087112,-0.018158507783766095,1.2567299758369683e-05,-0.002666754320637358,1.8696440186617649e-10,-2.580219230126288e-05,1.5568906007324902e-10,-3.5463067063811694e-05,0.059799699203748766,0.500386309914125,3.3222628603559116e-08,-1.9021059830092498e-08,0.00015131486475084726,-0.012455498256064925,0.0026518740062978895,0.054943436098407405,0.00015523620597298,-0.0034045963871711,1.0936525936507458e-05,-0.0012618237460924277,0.6734355094119886,0.0
0.12704,0.2624894755102041,1528.7458296790182,5.22911669900346e-05,6574140.748403941,6.762349001965481e-06,-0.005983172723777703,5.491944983390997e-07,2.660032233882367e-05,9.785291199986201e-08,-8.92405974218687e-06,1.844416504982701e-06,0.0002104239065613035,2.4131442073079615e-06,3.941340192400075e-05,0.09177323595389714,0.3013887230532851,0.00593050384619971,0.014555190218207423,0.00677989405894725,-0.5924621383171891,0.11073468601088098,0.2937160228243949,5.662325374076155e-06,-0.0010391546891992034,2.9970986418546883e-09,-6.556279808622882e-07,6.031904143515589e-10,5.3227401887334765e-08,5.637771327570946e-07,1.3831480722865225e-05,0.00011644009430798494,0.0007057642453026941,0.009276903326607095,-0.10654883732247407,2.818338705647061e-08,4.1836233353638747e-08,0.04192209451683716,0.015255540622054833,3.529043625245685e-06,-0.00014053733581222047,0.0015162537848308862,-0.13203784796976045,7.077309257134971e-06,-0.00020480258715352716,0.00016112586771758938,-0.007118236586913353,1.1494124209951603e-05,-0.0009061146232263529,4.9313281594464316e-11,1.3980305126837588e-07,9.163167835197288e-11,4.097519872415255e-06,0.05998155315320593,0.2201253424716138,1.5745218126228426e-08,1.2992138386685197e-06,0.00011001292921184808,-0.006005008505936939,0.002395334363014689,0.009206639648578886,0.00015582287417980248,-0.0022489971431479423,9.6852911999862e-06,-0.0005446583820067238,0.6690963897014155,0.0
0.13261,0.2624894755102041,1499.7979760588541,5.144739505732344e-05,2094947.7931511726,1.5787049783567386e-06,-0.0006496277658115153,1.8889580229293742e-07,2.8472938394943814e-06,2.9198987821709456e-08,-1.1625796382193012e-06,8.81307532229735e-07,3.45122218617271e-06,1.011778952357243e-06,-6.119767765561808e-06,0.08903497594409102,0.09170472560950017,0.005938437606666888,0.005773094466899389,0.0048002881566793715,-0.18582734921869642,0.11334725039171278,0.08658210349042963,3.597738914657903e-06,-0.00029418929972279794,2.0041172993679764e-09,-1.848806196185793e-07,1.1004956840780493e-10,3.1533030624127226e-08,2.3015376611486752e-07,5.007814828029694e-06,6.547293839494381e-05,-0.000318273449439107,0.01082318067626616,-0.03684327107895831,1.231041977070626e-08,-3.4189580229293743e-07,0.04722712014612038,0.00868409882785345,2.30942840255016e-06,-1.9799240866282094e-05,0.0016496183898572474,-0.0397684253476406,3.027814828029694e-06,-6.886353080252809e-05,0.00013073470474408405,-0.002443125605505833,9.377637696828848e-06,-0.00025585863806441595,6.639903276493766e-12,4.364081589843491e-08,4.158234598735953e-11,1.6194030980928964e-06,0.06010724843742499,0.08241808741479803,6.5356296560593875e-09,7.431881518483143e-07,7.690343857334468e-05,-0.0021642950600053537,0.002071962391668697,-0.004942532981502552,0.00014095956407963008,-0.0013666398355293556,7.052923495553769e-06,-0.00020580919811287598,0.6645564615587354,0.0
0.13818,0.2624894755102041,1474.371865588687,5.07287562125722e-05,521144.3126280537,1.787283675188608e-07,-3.0422091243221655e-05,6.828626863771661e-08,2.0157015419368126e-07,6.8818707784981664e-09,4.6369752770098954e-08,3.719223907196745e-07,-4.938547215548747e-06,3.837721422167864e-07,-2.3756218937138983e-06,0.08623311211642475,0.02048747645583288,0.005828346438640233,0.001952823788103062,0.0029741356103169365,-0.045175165532189476,0.11554601041035288,0.01765117789320229,1.7403383458239993e-06,-6.025084745579386e-05,1.0176278832429556e-09,-3.852388173700337e-08,1.507721422167864e-11,7.3602389446687435e-09,7.774278705130844e-08,1.454975149711186e-06,3.2949751497111867e-05,-0.00014973967388783157,0.012554851996678336,-0.009627553816330594,4.7933433158817624e-09,-8.682467821923252e-08,0.05205703608774684,0.003864118713694471,1.3096119535983726e-06,-5.424328405708474e-06,0.0018330002066926673,-0.009616385514466665,1.016959220066603e-06,-1.3622288772545082e-05,9.405781190159729e-05,-0.0007017966792278877,6.570417994046913e-06,-6.213373263527048e-05,3.7951643938023e-13,-1.1315105135005274e-09,1.4519701796534232e-11,2.338059767991863e-07,0.06071035227098859,0.027506685599753555,2.431970179653423e-09,1.397750286692501e-07,5.082437874277965e-05,-0.0005891468018859345,0.0016684957603432908,-0.004688858460644689,0.00010398133866298916,-0.0006759053580307806,3.7506766916479986e-06,-6.0538906587292185e-05,0.6602974378187811,0.0
0.14374,0.2624894755102041,1451.9954553449315,5e-05,72400.30324795248,4.987211589416018e-09,-2.840365930236196e-07,2.522922323096152e-08,7.921180348370473e-09,8.738834385993414e-10,-3.279547421917905e-09,1.1966365561877099e-07,-9.070586490594264e-07,1.1316170678944173e-07,-3.2604553407753235e-07,0.08284401782860859,0.0013947404469720965,0.005662270674208779,0.00045179190564086666,0.001271442452213006,-0.005800758503100999,0.11757320197747789,0.0007404274495594541,4.2811055644835735e-07,-4.875586951043136e-06,2.611039989574103e-10,-3.0679237044427666e-09,9.879484609701664e-13,1.3526694357322194e-10,1.631169297597558e-08,8.971755788191823e-08,1.2597404630553459e-05,-2.6747409235042175e-05,0.014467970444171807,-0.0012626050978651107,1.4482469745014058e-09,-6.691235793404772e-09,0.056893643166491537,0.0010947582215801238,5.541039989574102e-07,-7.662599973935256e-07,0.002004156705581789,-0.0014003131409127646,1.9838967377607842e-07,-1.0995978558704475e-06,5.058507432343803e-05,-0.00011791373979581487,3.2211046435858304e-06,-9.1775357803724e-06,4.261373592804435e-15,6.596018456188802e-12,2.7172088267227894e-12,1.3095655288645836e-08,0.06207225532100133,0.007008657026003206,6.590520915684794e-10,6.499353459882722e-09,2.464546040571291e-05,-8.945620106856969e-05,0.0010734985444766866,-0.0017865607367636305,4.2005209156847944e-05,-0.00018129600270184722,8.786757169538436e-07,-7.442600894832999e-06,0.656002179469408,0.0
0.14931,0.261897264,1423.522688,4.91e-05,-77.74133827,2.54e-18,-2.48e-18,3.75e-11,-4.15e-12,1.98e-13,1.33e-12,2.26e-09,-4.3e-11,1.95e-09,1.38e-11,0.074516516,-5.44e-05,0.005699425,5.9e-06,1.73e-05,-1.17e-06,0.117255684,-3.59e-05,1.91e-10,-3.39e-11,1.22e-13,-5.3e-14,1.12e-17,7.51e-16,1.09e-11,2.33e-11,2.76e-07,-1.71e-08,0.016774933,-3.5e-07,2.62e-11,2.93e-12,0.063894262,2.35e-05,1.31e-08,-5.92e-09,0.00064701,-2.46e-05,1.66e-10,-2.28e-11,1.59e-06,-8.81e-08,1.57e-08,-1.85e-09,4.68e-26,-9.51e-23,3e-16,-5.42e-13,0.070125064,8.95e-05,9.66e-12,1.25e-11,1.43e-07,-1.51e-08,3.65e-05,-2.43e-06,1.72e-09,-4.04e-10,3.14e-11,-7.19e-12,0.651031185,0.0
0.15488,0.258516067,1387.803741,4.81e-05,-119.3441165,1.85e-17,-1.54e-17,6.19e-11,-5.82e-12,2.5e-13,-6.63e-13,1.98e-09,-1.6e-09,1.69e-09,-8.18e-10,0.070543424,-5.2e-05,0.005256266,6.39e-06,2.88e-05,-1.67e-06,0.120571486,-3.49e-05,5.46e-10,-4.72e-11,3.84e-13,1.11e-13,1.54e-17,7.86e-16,1.78e-11,2.58e-10,2.99e-07,-6.44e-09,0.019200004,-4.74e-07,2.15e-11,-1.22e-10,0.068999863,3.11e-05,1.83e-08,2.34e-08,0.001331907,-3.24e-05,3.1e-10,-4.97e-12,2.76e-06,-1.17e-07,5.12e-08,-4.04e-09,3.99e-25,1.62e-21,1.12e-15,6.31e-12,0.067401157,8.77e-05,9.41e-12,7.32e-12,3.57e-07,-2.83e-08,6.85e-05,-3.65e-06,1.16e-08,-1.89e-09,1.76e-10,-2.66e-11,0.646595171,0.0
0.16045,0.254941269,1352.525341,4.71e-05,-107.1634642,3.6e-17,-1.88e-17,6.23e-11,-2.41e-12,1.6e-13,9.34e-13,1.28e-09,-4.65e-10,1.12e-09,-5.74e-11,0.065696219,-3.7e-05,0.004709703,4.85e-06,3.3e-05,-1.22e-06,0.124087014,-2.51e-05,8.42e-10,-5.75e-11,6.58e-13,-2.88e-14,8.85e-18,1.48e-15,1.66e-11,2e-10,2.37e-07,-5.18e-09,0.021231325,-2.78e-07,1.35e-11,-6.79e-11,0.074590926,2.6e-05,1.89e-08,6.23e-09,0.002172618,-2.71e-05,3.44e-10,-6.35e-12,3.47e-06,-8.04e-08,9.57e-08,-3.6e-09,6.76e-25,5.25e-22,1.79e-15,2.62e-12,0.065158035,6.3e-05,6.68e-12,1.11e-11,5.25e-07,-2.41e-08,9.84e-05,-3.11e-06,3.3e-08,-2.6e-09,4.27e-10,-3.05e-11,0.642218398,0.0
0.16602,0.251429071,1322.803757,4.63e-05,-116.3623106,6.36e-16,-3.08e-16,1.01e-10,-1.92e-12,2.44e-13,3.33e-12,1.21e-09,-3.72e-10,1.12e-09,-3.28e-11,0.061930716,-3.8e-05,0.004102789,5.48e-06,6.06e-05,-2.21e-06,0.128315204,-2.67e-05,2.92e-09,-1.89e-10,2.52e-12,-4.13e-13,1.66e-17,3.96e-15,3.4e-11,6.8e-10,2.74e-07,-5.21e-09,0.022681067,-2.68e-07,1.27e-11,-9.09e-11,0.07911251,3.17e-05,2.76e-08,2.57e-09,0.003918814,-3.28e-05,7.16e-10,-1.63e-11,6.08e-06,-1.13e-07,2.86e-07,-6.81e-09,1.47e-23,-2.19e-21,6.47e-15,2.35e-12,0.061183151,6.84e-05,6.97e-12,1.54e-11,1.34e-06,-5.35e-08,0.000212017,-5.48e-06,2.14e-07,-1.3e-08,2.36e-09,-1.06e-10,0.638474938,0.0
0.17158,0.247204662,1288.597899,4.53e-05,-64.66280219,3.44e-13,-1.48e-13,1.77e-10,-8.17e-12,4.65e-13,1.1e-13,1.1e-09,-2.16e-10,1.14e-09,-2.44e-10,0.057843218,-3.65e-05,0.003319041,5.9e-06,0.000148304,-5.56e-06,0.134420421,-2.73e-05,1.53e-08,-8.48e-10,1.5e-11,-5.08e-13,3.33e-17,1.48e-16,7.8e-11,7.46e-11,3.23e-07,-6.64e-09,0.023828854,-5.24e-07,1.17e-11,-2.17e-11,0.083812645,3.44e-05,4.23e-08,2.44e-09,0.006955193,-3.53e-05,1.59e-09,-3.01e-11,1.19e-05,-1.93e-07,9.11e-07,-1.62e-08,1e-20,2.67e-18,2.53e-14,5.6e-12,0.054941024,7.49e-05,7.39e-12,2.56e-12,4.69e-06,-1.84e-07,0.000532561,-9.5e-06,2.34e-06,-1.48e-07,1.86e-08,-8.76e-10,0.634178477,0.0
0.17715,0.242937056,1249.912774,4.41e-05,-43.20125411,2.11e-13,-2.59e-14,7.6e-11,-1.41e-12,4.11e-14,-7.27e-14,3.27e-10,-2.25e-10,3.73e-10,1.13e-10,0.050587859,-1.28e-05,0.002918472,1.88e-06,5.23e-05,-6.19e-07,0.139133646,-9.1e-06,4.28e-09,-5.94e-11,4.85e-12,2.03e-13,2.09e-18,6.48e-17,1.79e-11,9.53e-11,1.15e-07,1.58e-10,0.025061071,1.12e-07,3.51e-12,-2.5e-11,0.090436172,1.15e-05,2.12e-08,3.95e-09,0.008776374,-1.2e-05,6.99e-10,6.12e-13,6.83e-06,-3.21e-08,5.92e-07,-3.22e-09,2.68e-21,6.34e-19,6.92e-15,2.24e-12,0.053215551,2.32e-05,2.27e-12,-4.28e-13,1.8e-06,-2.29e-08,0.000392519,-2.04e-06,1.07e-06,-1.82e-08,7.45e-09,-9.75e-11,0.629415573,0.0
0.18272,0.238595232,1207.134443,4.29e-05,-14.64959291,5.76e-15,-1.9e-16,7.3e-11,-7.7e-14,1.59e-15,-1.37e-14,9.21e-11,2.37e-12,1.24e-10,-2.38e-11,0.043078026,-4.17e-06,0.002473457,5.65e-07,8.65e-06,-3.82e-08,0.144028898,-2.89e-06,6.42e-10,-2.69e-12,8.62e-13,1.67e-14,1.43e-19,-2.64e-17,4.76e-12,-8.15e-11,4.03e-08,1.17e-11,0.025965965,7.71e-08,1.03e-12,-4.75e-13,0.096593242,3.36e-06,1.09e-08,-3.49e-12,0.011633052,-3.54e-06,4.04e-10,-6.65e-13,4.04e-06,-4.32e-09,4.4e-07,-4.82e-10,3.24e-23,-2.09e-22,2.2e-15,-7.49e-14,0.051488308,7.11e-06,6.78e-13,-3.65e-13,4.1e-07,-1.58e-09,0.000347133,-4.67e-07,6.26e-07,-1.77e-09,3.99e-09,-8.55e-12,0.624377698,0.0
0.18829,0.235589626,1181.879338,4.22e-05,-8.224072678,4.14e-13,-8.99e-15,8.75e-11,1.01e-13,1.15e-15,8.74e-15,6.16e-11,9.74e-12,9.76e-11,-5.39e-13,0.041692164,-3.3e-06,0.001933761,4.22e-07,1.06e-05,-4.43e-08,0.147582043,-2.33e-06,1.14e-09,-6.04e-12,1.72e-12,-2.5e-14,1.23e-19,6.81e-18,6.3e-12,2.59e-11,3.55e-08,-5.33e-11,0.026555986,8.56e-08,7.36e-13,1.18e-12,0.098933759,2.34e-06,1.11e-08,-2.8e-10,0.015503471,-2.44e-06,5.1e-10,-8.02e-13,5.61e-06,-4.09e-09,7.55e-07,-4.78e-10,2.08e-21,-2.65e-20,3.26e-15,-3.5e-14,0.04631542,5.75e-06,5.15e-13,1.67e-13,7.79e-07,-2.76e-09,0.000706489,-4.62e-07,2.07e-06,-5.75e-09,1.01e-08,-1.75e-11,0.620757031,0.0
0.19386,0.232682745,1155.258318,4.14e-05,-12.22697034,1.76e-09,-2.22e-11,9.89e-11,8.98e-14,1.45e-15,-2.17e-14,3.67e-11,-7.22e-12,6.91e-11,2.7e-12,0.041936799,-2.46e-06,0.00146474,3.9e-07,2.56e-05,-9.89e-08,0.151253895,-1.71e-06,3.82e-09,-1.81e-11,6.46e-12,3.9e-14,6.64e-20,-6.53e-18,5.88e-12,-2.78e-11,2.94e-08,-9.19e-12,0.027630493,3.77e-08,4.65e-13,-1.87e-12,0.100368287,2.64e-06,1.03e-08,1.9e-10,0.01992489,-2.78e-06,5.76e-10,-2.45e-13,8.31e-06,-8.9e-09,1.21e-06,-1.07e-09,7.26e-18,-7.77e-17,4.14e-15,-4.29e-14,0.03949205,4.31e-06,3.81e-13,-3.99e-13,3.18e-06,-9.22e-09,0.001188986,-2.81e-07,1.38e-05,-3.43e-08,3.82e-08,-1.01e-10,0.61668765,0.0
0.19943,0.2301566,1121.849589,4.04e-05,-0.395777345,3.67e-10,-1.28e-12,4.01e-06,1.38e-09,4.82e-21,-3.02e-16,1.05e-11,5.8e-15,2.23e-11,-8.66e-16,0.039694021,-8.14e-07,0.001360027,8.08e-08,5.42e-24,-2.52e-27,0.15245981,-5.59e-07,4.27e-24,-7.03e-28,8.33e-19,-8.79e-17,5.01e-21,1.05e-21,1.64e-12,-1.65e-14,1.02e-08,-1.02e-13,0.029691041,1.89e-08,1.32e-13,2.6e-15,0.102215626,2.88e-07,4.72e-09,-4.21e-13,0.023983546,-3e-07,3.24e-10,-2.04e-14,4.16e-06,-6.81e-10,7.5e-07,-4.89e-11,6.61e-19,-5.63e-20,1.07e-15,2.92e-17,0.038002769,1.36e-06,1.21e-13,-4.41e-16,1.66e-07,-2.94e-10,0.001195244,-7.63e-08,9.73e-06,-1.9e-09,1.77e-08,-3.24e-12,0.611379064,0.0
0.20499,0.228394407,1098.591794,3.97e-05,-3.710841906,2.76e-08,-4.29e-11,9.3e-06,3.22e-09,6.17e-22,1.98e-15,4.78e-12,1.46e-13,1.18e-11,-5.15e-14,0.041390394,-4.67e-07,0.001149442,8.3e-08,1.08e-25,-8.99e-26,0.153802219,-3.16e-07,2.91e-25,1.94e-27,7.28e-20,6.34e-16,1.02e-21,3.79e-20,7.58e-13,1.57e-13,5.93e-09,-7.94e-12,0.031252326,6.82e-09,6.26e-14,1.09e-14,0.10303198,6.32e-07,3.09e-09,-5.98e-12,0.027235615,-6.75e-07,2.43e-10,-2.89e-14,4.64e-06,-1.38e-09,7.2e-07,-1e-10,3.09e-17,1.8e-16,6.08e-16,4.93e-15,0.033201794,7.69e-07,6.82e-14,2.81e-15,6.7e-07,-8.51e-10,0.001358859,-2.81e-08,2.82e-05,-5.68e-09,3.41e-08,-9.18e-12,0.607533737,0.0
0.21056,0.226748663,1078.004179,3.91e-05,-5.786078282,1e-06,-8.1e-10,1.28e-05,6.08e-09,4.47e-22,-1.68e-16,2.54e-12,-8.63e-15,6.97e-12,-5.25e-15,0.0432605,-2.97e-07,0.000958999,8.98e-08,1.39e-25,-1.56e-25,0.154517152,-2.01e-07,7.95e-25,1.53e-26,2.34e-19,-5.89e-17,2.5e-22,1.13e-22,3.59e-13,-2.55e-15,4.12e-09,-3.91e-13,0.033238741,2.17e-09,3.34e-14,-1.47e-16,0.102521966,8.69e-07,2.31e-09,-4.05e-13,0.031919076,-9.29e-07,2.16e-10,-4.81e-14,8.61e-06,-2.91e-09,8.23e-07,-1.72e-10,7.92e-16,4.64e-17,4.95e-16,1.2e-16,0.02897101,4.86e-07,4.56e-14,2.74e-16,2.33e-06,-2.18e-09,0.00134666,-1.05e-08,6.67e-05,-1.02e-08,6.98e-08,-1.97e-11,0.603173489,0.0
0.21613,0.225466489,1062.433444,3.86e-05,-5.282225252,8.01e-06,-4.13e-09,1.39e-05,7.01e-09,2.34e-22,-1.55e-16,1.63e-12,-1.41e-16,4.87e-12,-2.27e-15,0.044945804,-2.18e-07,0.000806891,7.73e-08,6.84e-26,5.2e-26,0.154543929,-1.49e-07,5.82e-25,-6.18e-27,1.84e-19,-5.83e-17,8.77e-23,1.15e-22,1.97e-13,4.12e-16,3.38e-09,-1.5e-13,0.034892732,1.71e-09,2.15e-14,5.4e-16,0.101525803,7.76e-07,1.96e-09,-4.72e-13,0.036402658,-8.23e-07,2.11e-10,-4.46e-14,1.82e-05,-5.15e-09,1.03e-06,-2e-10,5.14e-15,-5.69e-17,5.98e-16,3.18e-17,0.025976756,3.58e-07,3.6e-14,-1.48e-16,4.76e-06,-3.16e-09,0.001250724,-4.64e-09,0.000114695,-1.23e-08,1.18e-07,-2.67e-11,0.599493914,0.0
0.2217,0.224201021,1047.709552,3.82e-05,-4.642894471,5.21e-05,-1.82e-08,1.06e-05,7.24e-09,1.56e-22,-1.92e-16,1.12e-12,4.32e-15,3.58e-12,-4.45e-16,0.046688619,-1.66e-07,0.000667712,6.59e-08,6.5e-26,5.59e-26,0.154319739,-1.16e-07,5.66e-25,-8.86e-27,1.85e-19,-7.71e-17,3.35e-23,1.15e-22,1.1e-13,-2.03e-15,3e-09,5.95e-13,0.036886452,6.08e-09,1.44e-14,9.89e-16,0.099743149,6.68e-07,1.75e-09,-4.77e-13,0.041818475,-6.94e-07,2.23e-10,-4.24e-14,4.35e-05,-9.4e-09,1.46e-06,-2.67e-10,2.86e-14,-9.22e-16,1.27e-15,-5.33e-16,0.023192663,2.77e-07,3.11e-14,-4.55e-16,9.47e-06,-4.84e-09,0.001109412,-2.05e-09,0.000176831,-1.34e-08,1.9e-07,-3.4e-11,0.595279628,0.0
0.22727,0.222929329,1033.494953,3.77e-05,-4.386691187,0.000235947,-5.68e-08,5.75e-06,6.58e-09,4.6e-23,2.67e-17,7.8e-13,1.79e-15,2.65e-12,7.12e-16,0.048594617,-1.25e-07,0.000546228,5.93e-08,2.97e-26,-1.3e-26,0.153767102,-9.14e-08,1.85e-25,2.35e-27,6.23e-20,1.14e-17,1.29e-23,6.12e-24,6.02e-14,3.4e-16,2.75e-09,-8.12e-13,0.039073705,1.98e-08,9.75e-15,1.25e-17,0.09730482,6.11e-07,1.59e-09,-3.13e-13,0.04795313,-6.02e-07,2.43e-10,-3.74e-14,9.75e-05,-1.53e-08,2.36e-06,-4.47e-10,1.12e-13,-1.81e-16,3.5e-15,-1.1e-16,0.02056761,2.16e-07,2.85e-14,-2.7e-17,1.83e-05,-7.28e-09,0.000951185,-8.8e-10,0.000252277,-1.32e-08,2.91e-07,-4.13e-11,0.590629207,0.0
0.23284,0.221700397,1015.584458,3.72e-05,-0.964271568,0.000178426,-1.8e-08,3.54e-05,1.59e-09,1.12e-23,-4.16e-18,3.38e-13,-6.05e-17,1.13e-12,7.68e-17,0.049268421,-5.76e-08,0.000604776,1.55e-08,8.08e-28,1.24e-26,0.152456931,-4.02e-08,4.73e-26,-1.88e-27,2.58e-20,-1.92e-18,1.86e-24,-2.13e-27,2.04e-14,-2.22e-17,1.19e-09,-2.36e-14,0.041244817,6.41e-09,3.78e-15,-4.51e-18,0.095816613,1.37e-07,8.53e-10,-3.57e-14,0.053096992,-1.3e-07,1.57e-10,-6.33e-15,7.13e-05,-4.7e-09,1.4e-06,-8.26e-11,4.82e-14,-3.9e-17,1.36e-15,-2.16e-17,0.019975045,9.49e-08,1.23e-14,-3.18e-18,6.89e-06,-5.77e-10,0.000801666,-3.11e-10,0.000242804,-4.43e-09,2.06e-07,-8.94e-12,0.586198239,0.0
0.2384,0.2204761,1003.954827,3.68e-05,-0.841546179,0.000577109,-4.38e-08,3.01e-05,1.53e-09,7.11e-24,-2.76e-18,2.56e-13,-3.12e-17,9.06e-13,4.28e-17,0.051009197,-4.7e-08,0.000497138,1.3e-08,6.55e-28,3.8e-28,0.151514492,-3.39e-08,4.08e-26,-7.69e-29,2.21e-20,-1.34e-18,8.56e-25,8.12e-27,1.22e-14,-7.73e-18,1.19e-09,-1.4e-14,0.043312382,1.57e-08,2.76e-15,-4.68e-18,0.092731808,1.1e-07,8.12e-10,-3.25e-14,0.059604208,-8.2e-08,1.75e-10,-6.65e-15,0.000141468,-7.12e-09,2.62e-06,-1.53e-10,1.44e-13,-3.38e-17,3.63e-15,-1.11e-17,0.01795241,7.93e-08,1.17e-14,-2.01e-18,1.31e-05,-1.26e-09,0.000679904,-1.47e-10,0.000317736,-4.53e-09,3.01e-07,-1.16e-11,0.581615969,0.0
0.24397,0.219231024,994.1781138,3.65e-05,-0.7398282,0.00132923,-7.96e-08,2.47e-05,1.4e-09,1.3e-23,-2.86e-17,2.03e-13,-1.83e-15,7.53e-13,-3.06e-16,0.052483029,-3.9e-08,0.000416383,1.07e-08,1.75e-27,1.78e-26,0.150424879,-2.95e-08,1.14e-25,-4.44e-27,6.03e-20,-1.46e-17,4.44e-25,2.1e-25,7.84e-15,-1.83e-16,1.23e-09,5.37e-13,0.045111389,2.87e-08,2.13e-15,-1.01e-18,0.090001969,8.44e-08,7.82e-10,1.19e-14,0.065343877,-2.9e-08,1.92e-10,-7e-15,0.00023269,-9.32e-09,4.67e-06,-2.52e-10,3.11e-13,-4.27e-16,7.44e-15,-2.64e-16,0.016323115,6.85e-08,1.18e-14,-8.37e-17,2.43e-05,-2.39e-09,0.000587211,-7.67e-11,0.000390786,-4.47e-09,4.16e-07,-1.47e-11,0.577301378,0.0
0.24954,0.218003847,984.6368313,3.61e-05,-0.650834995,0.002670309,-1.26e-07,1.93e-05,1.21e-09,2.63e-24,1.15e-18,1.6e-13,4.22e-16,6.3e-13,3.59e-16,0.053737653,-3.14e-08,0.000345497,8.48e-09,3.95e-28,1.6e-27,0.149308811,-2.57e-08,2.47e-26,-4.85e-28,1.27e-20,6.11e-19,2.27e-25,7.72e-26,5.03e-15,6.39e-17,1.29e-09,2.15e-14,0.046587766,4.55e-08,1.65e-15,-8.16e-18,0.087433855,5.8e-08,7.48e-10,-3.64e-14,0.07037892,3.07e-08,2.06e-10,-6.52e-15,0.000351933,-1.12e-08,8.17e-06,-3.85e-10,5.83e-13,-3.26e-16,1.34e-14,-1.77e-16,0.014957382,5.93e-08,1.27e-14,-6.52e-19,4.57e-05,-4.23e-09,0.000507987,-3.96e-11,0.000464601,-4.24e-09,5.58e-07,-1.78e-11,0.573181589,0.0
0.25511,0.216789738,975.6887909,3.58e-05,-0.583893175,0.004747905,-1.78e-07,1.47e-05,1.01e-09,7.45e-27,6.92e-18,1.26e-13,1.04e-15,5.31e-13,5.74e-16,0.054870823,-2.4e-08,0.000289064,6.52e-09,1.15e-28,6.75e-29,0.148206307,-2.26e-08,6.69e-27,-1.94e-31,3.37e-21,3.84e-18,1.18e-25,1.3e-25,3.27e-15,1.35e-16,1.37e-09,-5.58e-14,0.047756594,6.44e-08,1.3e-15,-1.78e-18,0.084960922,3.37e-08,7.1e-10,-4.68e-14,0.07481755,9.13e-08,2.17e-10,-6.13e-15,0.000495045,-1.25e-08,1.35e-05,-5.46e-10,9.69e-13,-1.56e-15,2.16e-14,-1.07e-15,0.013712609,5.15e-08,1.46e-14,-1e-16,8.38e-05,-6.91e-09,0.000440046,-2.09e-11,0.000539724,-3.94e-09,7.37e-07,-2.12e-11,0.569050715,0.0
0.26068,0.215522068,968.1399462,3.55e-05,-0.55176907,0.007462867,-2.29e-07,1.1e-05,8.68e-10,1.78e-24,-8.46e-19,1.03e-13,-5.57e-17,4.58e-13,-2.29e-16,0.055866322,-1.71e-08,0.000247582,5.1e-09,5.72e-28,-2.24e-28,0.146964363,-2.02e-08,2.99e-26,9.28e-29,1.47e-20,-4.85e-19,6.71e-26,7.19e-27,2.24e-15,-5.74e-18,1.48e-09,-1.62e-13,0.048526715,8.3e-08,1.05e-15,3.47e-18,0.082870103,1.49e-08,6.76e-10,-1.49e-14,0.078280078,1.45e-07,2.26e-10,-5.17e-15,0.000643515,-1.34e-08,2.05e-05,-7.3e-10,1.44e-12,4.18e-17,3.13e-14,2.82e-17,0.012691383,4.56e-08,1.76e-14,-1.14e-17,0.000141986,-1.04e-08,0.000388552,-1.2e-11,0.000614454,-3.7e-09,9.46e-07,-2.49e-11,0.565269622,0.0
0.26625,0.21421213,960.3908245,3.53e-05,-0.526927688,0.011106522,-2.73e-07,8.11e-06,7.17e-10,1.8e-24,-2.44e-18,8.15e-14,1.34e-16,3.86e-13,-3.25e-16,0.05673883,-9.55e-09,0.000212733,3.88e-09,8.51e-28,1.17e-27,0.145737707,-1.76e-08,4.01e-26,-6.14e-28,1.96e-20,-1.44e-18,3.58e-26,1.39e-26,1.49e-15,-4.18e-17,1.59e-09,-2.15e-13,0.049120088,9.9e-08,8.33e-16,1.92e-18,0.080679447,-6.59e-10,6.27e-10,-1.57e-14,0.081364216,1.9e-07,2.28e-10,-4.4e-15,0.000805939,-1.35e-08,3e-05,-9.28e-10,1.98e-12,-3.93e-16,4.2e-14,-3.43e-16,0.011735593,3.95e-08,2.15e-14,-8.46e-17,0.000231253,-1.43e-08,0.000340649,-6.67e-12,0.000694974,-3.37e-09,1.2e-06,-2.82e-11,0.56119278,0.0
0.27181,0.212943123,945.7284999,3.48e-05,-0.185449839,0.008726569,-9.89e-08,2.34e-05,2.7e-10,1.44e-24,-4.04e-18,3.89e-14,3.61e-16,1.78e-13,-9.91e-18,0.057230087,-8.44e-09,0.000221066,1.43e-09,1.71e-28,5.16e-28,0.143873687,-8.29e-09,3.33e-26,-2.54e-28,2.52e-20,-2.57e-18,6.62e-27,1.07e-26,5.64e-16,-1.4e-17,7.48e-10,1.22e-13,0.052532751,3.59e-08,3.41e-16,9.71e-18,0.076908264,-3.13e-10,3.63e-10,-1.2e-14,0.09086312,6.91e-08,1.53e-10,-1.26e-15,0.000642681,-4.94e-09,2.06e-05,-2.59e-10,9.56e-13,-1.56e-17,1.91e-14,-3.23e-17,0.011839349,1.86e-08,6.6e-15,1.94e-17,9.6e-05,-2.51e-09,0.000289056,-2.48e-12,0.000689727,-1.6e-09,8.79e-07,-8.02e-12,0.556042722,0.0
0.27738,0.211668539,934.3340623,3.45e-05,-0.070060161,0.006008157,-3.58e-08,3.61e-05,1.1e-10,6.17e-25,-1.86e-18,2.13e-14,1.65e-16,9.23e-14,-4.49e-17,0.057352926,-5.28e-09,0.000238025,6.93e-10,3.3e-29,6.65e-28,0.141977977,-4.32e-09,1.35e-26,-2.95e-28,1.5e-20,-1.25e-18,1.7e-27,2.15e-27,2.61e-16,-1.32e-17,3.75e-10,8.72e-14,0.055518005,1.3e-08,1.6e-16,2.7e-18,0.074055842,5.87e-10,2.26e-10,-4.99e-15,0.099128637,2.45e-08,1.1e-10,-3.84e-16,0.000475392,-1.9e-09,1.29e-05,-8.13e-11,4.37e-13,1.17e-16,8.34e-15,8.2e-17,0.012337636,9.72e-09,2.72e-15,9.85e-18,3.96e-05,-4.03e-10,0.000256318,-1.18e-12,0.00065793,-8.07e-10,6.44e-07,-2.52e-12,0.551903892,0.0
0.28295,0.210189544,931.3100561,3.43e-05,-0.182283912,0.017850178,-1.31e-07,1.61e-05,1.93e-10,9.47e-25,-2.83e-18,2.44e-14,1.7e-16,1.27e-13,-1.31e-16,0.058839016,-3.09e-09,0.000162442,6.82e-10,1.74e-28,3.32e-28,0.141220477,-6.34e-09,3.38e-26,-2.15e-28,2.53e-20,-1.92e-18,1.92e-27,2.23e-27,2.52e-16,-1.28e-17,8.71e-10,1.02e-13,0.053306233,4.74e-08,2.12e-16,-1.81e-18,0.072254788,-9.42e-09,3.09e-10,-5.47e-15,0.096373112,9.91e-08,1.49e-10,-8.98e-16,0.000957127,-4.79e-09,4.18e-05,-3.75e-10,1.68e-12,-4.43e-16,3.21e-14,-3.56e-16,0.010130051,1.39e-08,9.55e-15,-5.75e-17,0.000259759,-5.13e-09,0.000224,-7.73e-13,0.000873146,-1.37e-09,1.38e-06,-1.01e-11,0.547490422,0.0
0.28852,0.208724309,925.7985391,3.4e-05,-0.186689611,0.023236355,-1.44e-07,1.29e-05,1.7e-10,7.19e-25,-2.17e-18,2.03e-14,1.56e-16,1.11e-13,-5.52e-17,0.059408032,-5.75e-10,0.000143922,4.92e-10,1.68e-28,3.11e-28,0.13985413,-5.71e-09,3.05e-26,-2.28e-28,2.27e-20,-1.5e-18,1.18e-27,1.55e-27,1.83e-16,-5.04e-18,9.44e-10,1.08e-13,0.053307617,5.23e-08,1.76e-16,2.59e-18,0.070366708,-1.24e-08,2.89e-10,-5.36e-15,0.098059898,1.11e-07,1.48e-10,-8.15e-16,0.001099816,-4.65e-09,5.5e-05,-4.55e-10,2.06e-12,-4.44e-17,3.89e-14,-7.52e-17,0.009462146,1.24e-08,1.18e-14,1.81e-18,0.000391098,-6.84e-09,0.000201466,-4.89e-13,0.00095978,-1.29e-09,1.68e-06,-1.17e-11,0.543439437,0.0
0.29409,0.207181687,919.0265336,3.38e-05,-0.181705537,0.030077418,-1.48e-07,1.06e-05,1.38e-10,5.36e-25,-1.66e-18,1.59e-14,1.16e-16,9.17e-14,-7.38e-17,0.059946353,1.98e-09,0.000126135,3.27e-10,1.52e-28,3.89e-28,0.13848233,-4.87e-09,2.75e-26,-3.16e-28,2.08e-20,-1.19e-18,6.22e-28,8.53e-28,1.2e-16,4.61e-18,9.86e-10,4.28e-14,0.053180381,5.38e-08,1.36e-16,8.84e-19,0.067924744,-1.42e-08,2.57e-10,-3.8e-15,0.099693234,1.15e-07,1.41e-10,-6.39e-16,0.001249522,-4.18e-09,7.25e-05,-5.4e-10,2.43e-12,-1.68e-16,4.49e-14,-1.79e-16,0.008753004,1.05e-08,1.4e-14,-4.69e-17,0.000574472,-8.31e-09,0.000176081,-2.76e-13,0.001059516,-1.14e-09,2.04e-06,-1.31e-11,0.538671655,0.0
0.29966,0.206315581,900.9036553,3.33e-05,-0.028387749,0.014065685,-2.17e-08,3.2e-05,2.95e-11,2.65e-25,-8.94e-19,5.4e-15,-3.02e-18,2.8e-14,3.24e-17,0.059755648,-1.54e-09,0.000149141,1.07e-10,1.34e-29,-7.75e-28,0.136189581,-1.46e-09,1.04e-26,5.08e-28,1.77e-20,-7.04e-19,6.22e-29,-1.02e-29,3.45e-17,-1.15e-17,2.33e-10,-4.19e-14,0.060722351,7.88e-09,3.53e-17,-1.44e-18,0.064202242,-1.65e-09,1.08e-10,5.85e-16,0.117629669,1.65e-08,7.49e-11,-6.42e-17,0.000712079,-7.47e-10,2.71e-05,-4.83e-11,5.32e-13,-4.67e-16,9.01e-15,-3.46e-16,0.010370352,3.19e-09,1.38e-15,-2.98e-17,7.92e-05,-2.65e-10,0.000159969,-8.52e-14,0.000910513,-3.39e-10,9.2e-07,-1.14e-12,0.534993539,0.0
0.30522,0.204912356,893.9257063,3.3e-05,-0.029715652,0.019164931,-2.3e-08,2.8e-05,2.47e-11,1.53e-25,-5.2e-19,4.09e-15,2.45e-17,2.29e-14,-5.09e-17,0.060297078,-1.13e-09,0.000126612,7.21e-11,8.26e-30,1.35e-28,0.134936983,-1.24e-09,7.89e-27,-1.01e-28,1.28e-20,-4.23e-19,3.11e-29,2.96e-29,2.23e-17,-1.67e-18,2.43e-10,2.41e-14,0.060988698,8.36e-09,2.7e-17,-9.82e-19,0.062135747,-1.83e-09,9.57e-11,-4.85e-16,0.119801513,1.75e-08,7.01e-11,-6.21e-17,0.000841934,-6.94e-10,3.73e-05,-5.37e-11,6.55e-13,-1.28e-16,1.09e-14,-9.87e-17,0.009678295,2.67e-09,1.47e-15,-7.68e-18,0.000122822,-3.69e-10,0.000142132,-4.56e-14,0.001007388,-3.06e-10,1.1e-06,-1.22e-12,0.530689487,0.0
0.31079,0.203540088,888.1458688,3.28e-05,-0.03065137,0.024482955,-2.39e-08,2.51e-05,2.13e-11,1.2e-25,-4.13e-19,3.25e-15,3.48e-17,1.94e-14,-1.2e-17,0.060802825,-8.02e-10,0.000110142,5e-11,7.32e-30,4.97e-29,0.1336414,-1.08e-09,7.31e-27,-4.1e-29,1.21e-20,-3.45e-19,1.73e-29,2.9e-29,1.54e-17,-1.15e-19,2.55e-10,5.68e-14,0.060966404,8.69e-09,2.15e-17,4.15e-19,0.06030656,-1.94e-09,8.67e-11,-9.43e-16,0.121406127,1.82e-08,6.63e-11,-7.21e-17,0.00095669,-6.45e-10,4.83e-05,-5.86e-11,7.71e-13,2.69e-17,1.26e-14,1.04e-17,0.009095863,2.3e-09,1.63e-15,4.6e-18,0.000180923,-4.84e-10,0.000127841,-2.68e-14,0.001108645,-2.84e-10,1.3e-06,-1.3e-12,0.52673889,0.0
0.31636,0.202047189,881.8102923,3.25e-05,-0.030805218,0.031247089,-2.42e-08,2.19e-05,1.77e-11,1.1e-25,-3.86e-19,2.5e-15,1.14e-17,1.6e-14,-1.46e-17,0.061188091,-4.59e-10,9.46e-05,3.21e-11,7.98e-30,-2.4e-28,0.132368073,-9.2e-10,7.68e-27,2.1e-28,1.36e-20,-3.31e-19,8.98e-30,9.79e-30,1.01e-17,8.78e-19,2.67e-10,6.13e-14,0.06074647,8.8e-09,1.66e-17,-3.02e-19,0.05825608,-2.01e-09,7.69e-11,-2.81e-16,0.122588969,1.84e-08,6.17e-11,-5.35e-17,0.001080285,-5.81e-10,6.32e-05,-6.37e-11,8.96e-13,-3.92e-17,1.43e-14,-3.43e-17,0.008491024,1.94e-09,1.85e-15,-4.64e-18,0.000270867,-6.22e-10,0.000113255,-1.48e-14,0.001222592,-2.59e-10,1.54e-06,-1.38e-12,0.522246017,0.0
0.32193,0.200556587,876.4366969,3.23e-05,-0.030581528,0.038096472,-2.43e-08,1.94e-05,1.5e-11,1.12e-25,-4e-19,2e-15,3.74e-17,1.36e-14,1.3e-17,0.061525217,-1.71e-10,8.31e-05,2.07e-11,8.79e-30,1.14e-28,0.131063317,-8.03e-10,9.88e-27,-1.26e-28,1.66e-20,-3.51e-19,5.09e-30,1.38e-29,7.02e-18,6.62e-19,2.78e-10,5.75e-14,0.060368798,8.82e-09,1.32e-17,-3.29e-20,0.056402166,-2.06e-09,6.92e-11,-9.49e-16,0.123406202,1.84e-08,5.79e-11,-6.19e-17,0.001185789,-5.24e-10,7.9e-05,-6.98e-11,1.01e-12,-2.67e-17,1.59e-14,-3.28e-17,0.007968053,1.67e-09,2.11e-15,-2.79e-18,0.000382223,-7.6e-10,0.000101244,-8.85e-15,0.001332066,-2.39e-10,1.81e-06,-1.49e-12,0.517985154,0.0
0.3275,0.198358553,879.3694079,3.22e-05,-0.063888725,0.061113036,-5.59e-08,9.93e-06,2.53e-11,1.84e-25,-6.77e-19,2.67e-15,2.62e-17,1.98e-14,-1.15e-16,0.061612704,2.31e-09,6.94e-05,1.61e-11,3.86e-29,1.25e-28,0.130106391,-1.23e-09,2.06e-26,-1.42e-28,2.54e-20,-5.74e-19,8.25e-30,1.13e-29,8.32e-18,-1.62e-18,5.68e-10,1.15e-13,0.054325962,2.03e-08,1.95e-17,-4.33e-18,0.055548373,-5.81e-09,9.18e-11,-4.06e-17,0.112622402,4.34e-08,7.2e-11,-8.86e-17,0.001559511,-9.53e-10,0.000163546,-3.89e-10,2.14e-12,-4.8e-16,3.48e-14,-3.95e-16,0.006639458,2.49e-09,8.22e-15,-1.36e-16,0.001238923,-3.82e-09,8.84e-05,-9.09e-15,0.001589267,-3.75e-10,3.46e-06,-7.6e-12,0.513309152,0.0
0.33307,0.196600139,875.2974462,3.2e-05,-0.061808687,0.069848799,-5.55e-08,8.46e-06,2.22e-11,1.92e-25,-7.24e-19,2.27e-15,5.98e-17,1.74e-14,9.06e-18,0.061657466,2.93e-09,6.3e-05,1.06e-11,4.75e-29,1.36e-28,0.12871005,-1.11e-09,2.47e-26,-1.68e-28,3.07e-20,-6.22e-19,5.34e-30,1.79e-29,6.22e-18,-7.05e-19,5.91e-10,2.42e-13,0.053242189,2.02e-08,1.64e-17,-1.57e-18,0.05396172,-5.99e-09,8.44e-11,-1.34e-15,0.112011137,4.33e-08,6.85e-11,-1.34e-16,0.001632899,-8.49e-10,0.000212635,-5.65e-10,2.32e-12,-1.84e-16,3.74e-14,-1.85e-16,0.006232623,2.22e-09,9.43e-15,-4.21e-17,0.001583191,-4.33e-09,7.95e-05,-6.1e-15,0.001711622,-3.4e-10,4.31e-06,-1.07e-11,0.509040365,0.0
0.33863,0.194762446,870.6198414,3.18e-05,-0.057828543,0.07939481,-5.32e-08,7.06e-06,1.87e-11,1.64e-25,-6.3e-19,1.85e-15,5.17e-17,1.5e-14,-1.93e-18,0.061494545,3.44e-09,5.63e-05,7.17e-12,4.84e-29,1.34e-28,0.127420149,-9.82e-10,2.44e-26,-1.75e-28,3.09e-20,-5.51e-19,3.16e-30,9.37e-30,4.43e-18,-1.54e-18,6.04e-10,2.3e-13,0.05201488,1.95e-08,1.34e-17,-1.9e-18,0.052422333,-5.93e-09,7.59e-11,-1.03e-15,0.110832456,4.18e-08,6.36e-11,-1.14e-16,0.001697272,-7.27e-10,0.000291185,-8.21e-10,2.47e-12,-2.16e-16,3.96e-14,-2.42e-16,0.005847752,1.93e-09,1.05e-14,-6.86e-17,0.001990782,-4.69e-09,7.07e-05,-3.82e-15,0.001834374,-2.88e-10,5.6e-06,-1.54e-11,0.504619853,0.0
0.3442,0.194132235,856.6159299,3.14e-05,-0.025568575,0.070963346,-2.14e-08,1.19e-05,7.65e-12,9.29e-26,-3.57e-19,8.34e-16,3.25e-17,6.99e-15,5.87e-17,0.062135845,7.27e-10,5.14e-05,1.87e-12,1.16e-29,4.53e-29,0.12580022,-4.68e-10,1.48e-26,-6.07e-29,2.77e-20,-3.38e-19,5.55e-31,2.24e-30,1.67e-18,-8.31e-19,3.04e-10,1.88e-13,0.057063753,7.8e-09,5.39e-18,6.27e-19,0.049422141,-2.03e-09,4.43e-11,-8.67e-16,0.122918353,1.63e-08,4.34e-11,-7e-17,0.001512179,-3.08e-10,0.000191033,-1.56e-10,1.39e-12,-3.14e-17,2.07e-14,-3.36e-17,0.006196169,9.19e-10,3.37e-15,1.25e-17,0.001170162,-1.25e-09,6.38e-05,-1.22e-15,0.001840911,-1.67e-10,3.55e-06,-2.78e-12,0.500655275,0.0
0.34977,0.191182898,862.6352475,3.14e-05,-0.050660649,0.096609695,-4.81e-08,5.14e-06,1.37e-11,1.46e-25,-5.79e-19,1.29e-15,4.23e-17,1.14e-14,-1.15e-17,0.061009201,4.06e-09,4.62e-05,5.3e-12,5.83e-29,2.32e-28,0.124924312,-7.86e-10,2.83e-26,-3.37e-28,3.64e-20,-5.2e-19,1.26e-30,3.66e-30,2.45e-18,-1.69e-18,6.17e-10,3.43e-13,0.049638344,1.78e-08,9.39e-18,-2.21e-18,0.050084818,-5.55e-09,6.27e-11,-7.36e-16,0.108467156,3.83e-08,5.53e-11,-1.15e-16,0.001780456,-5.33e-10,0.000528186,-1.44e-09,2.66e-12,-2.37e-16,4.29e-14,-2.97e-16,0.005249384,1.51e-09,1.2e-14,-8.34e-17,0.002815995,-5.09e-09,5.76e-05,-1.7e-15,0.002059028,-1.81e-10,9.47e-06,-2.77e-11,0.496715003,0.0
0.35534,0.189185622,858.5590313,3.12e-05,-0.047682356,0.106470713,-4.58e-08,4.15e-06,1.16e-11,1.27e-25,-5.16e-19,1.08e-15,4.97e-17,1e-14,7.63e-17,0.060569333,4.39e-09,4.15e-05,5.27e-12,6.31e-29,9.89e-29,0.123675739,-7.05e-10,2.8e-26,-1.53e-28,3.69e-20,-4.69e-19,7.86e-31,5.09e-30,1.8e-18,1.47e-18,6.3e-10,3.88e-13,0.048200931,1.72e-08,7.87e-18,2.66e-19,0.048884117,-5.33e-09,5.69e-11,-1.28e-15,0.106627486,3.69e-08,5.13e-11,-1.31e-16,0.001811617,-4.45e-10,0.000754574,-1.95e-09,2.78e-12,-7.35e-17,4.54e-14,-9.21e-17,0.004940549,1.33e-09,1.3e-14,2.49e-17,0.003362038,-5.34e-09,5.15e-05,-1.12e-15,0.00217707,-1.09e-10,1.33e-05,-3.92e-11,0.492415352,0.0
0.36091,0.188957361,845.1873196,3.08e-05,-0.02160865,0.096083204,-1.89e-08,7.93e-06,4.93e-12,7.22e-26,-2.92e-19,4.92e-16,2.88e-17,4.74e-15,7.13e-17,0.061556434,1.15e-09,3.78e-05,-3.02e-13,1.34e-29,3.97e-29,0.122111845,-3.4e-10,1.69e-26,-6.43e-29,3.29e-20,-2.88e-19,1.44e-31,9.76e-31,7.02e-19,1.73e-19,3.19e-10,2.58e-13,0.053949846,6.96e-09,3.22e-18,7.03e-19,0.046111754,-1.92e-09,3.38e-11,-7.9e-16,0.119790791,1.47e-08,3.55e-11,-7.23e-17,0.001646338,-2.06e-10,0.000429052,-3.89e-10,1.6e-12,-4.04e-17,2.36e-14,-3.8e-17,0.005289081,6.41e-10,4.36e-15,2.2e-17,0.002084169,-1.54e-09,4.76e-05,-3.65e-16,0.002196076,-1.14e-10,6.95e-06,-6.49e-12,0.488651124,0.0
0.36648,0.185221344,850.9242171,3.08e-05,-0.042239363,0.124751948,-4.06e-08,2.73e-06,8.33e-12,4.64e-26,1.98e-19,7.55e-16,3.55e-17,7.75e-15,1.17e-16,0.059614634,4.7e-09,3.38e-05,5.35e-12,3.5e-29,-2.12e-31,0.121176891,-5.69e-10,1.3e-26,-1.13e-32,1.79e-20,1.84e-19,3.19e-31,1.6e-30,1.01e-18,1.36e-18,6.46e-10,-8.47e-14,0.045535156,1.56e-08,5.63e-18,-4.93e-20,0.0467886,-4.64e-09,4.71e-11,-9.37e-16,0.103245403,3.33e-08,4.41e-11,-5.32e-17,0.001839895,-2.96e-10,0.001431518,-3.02e-09,2.93e-12,-4.04e-16,4.96e-14,-2.87e-16,0.004429819,1.04e-09,1.43e-14,8.23e-18,0.004456239,-5.52e-09,4.23e-05,-5.04e-16,0.002404537,4.53e-11,2.51e-05,-6.95e-11,0.484221483,0.0
0.37204,0.185070655,836.2532357,3.04e-05,-0.018454574,0.116414441,-1.64e-08,5.64e-06,3.35e-12,4e-26,-1.68e-19,3.2e-16,6.29e-18,3.5e-15,-4.96e-17,0.060715094,1.34e-09,2.93e-05,-7.39e-13,1.04e-29,3.12e-29,0.119668051,-2.65e-10,1.28e-26,-4.92e-29,2.54e-20,-1.71e-19,4.86e-32,1.85e-32,3.5e-19,-4.3e-19,3.26e-10,9.44e-14,0.050939058,6.17e-09,2.15e-18,-1.62e-18,0.043750775,-1.69e-09,2.7e-11,2.33e-16,0.115661481,1.3e-08,2.97e-11,-9.07e-18,0.001693319,-1.4e-10,0.000905949,-7.12e-10,1.72e-12,-2.05e-16,2.58e-14,-2.87e-16,0.00468751,4.82e-10,4.99e-15,-9.12e-17,0.002998905,-1.65e-09,3.77e-05,-1.36e-16,0.0024862,-6.11e-11,1.38e-05,-1.2e-11,0.479992875,0.0
0.37761,0.183069539,832.6627096,3.02e-05,-0.017609082,0.126162783,-1.57e-08,4.62e-06,2.85e-12,2.05e-26,-8.74e-20,2.7e-16,1.23e-17,3.12e-15,-7.93e-18,0.060139599,1.44e-09,2.61e-05,-8.5e-13,6.48e-30,-1.22e-29,0.118501638,-2.42e-10,7.14e-27,3.28e-29,1.5e-20,-8.99e-20,3.12e-32,8.9e-32,2.64e-19,-9.09e-20,3.34e-10,-5.36e-14,0.049449595,5.98e-09,1.85e-18,-6.66e-19,0.042881668,-1.61e-09,2.48e-11,-1.23e-16,0.113393361,1.25e-08,2.76e-11,2.11e-18,0.001706482,-1.17e-10,0.001291368,-9.29e-10,1.79e-12,-6.26e-17,2.73e-14,-1.79e-16,0.004428302,4.32e-10,5.39e-15,-3.7e-17,0.003519464,-1.73e-09,3.4e-05,-9.13e-17,0.002604267,-3.15e-11,1.94e-05,-1.61e-11,0.475837284,0.0
0.38318,0.180991153,828.4420278,2.99e-05,-0.01634801,0.136356844,-1.45e-08,3.79e-06,2.32e-12,2.64e-26,-1.15e-19,2.18e-16,5.95e-18,2.7e-15,2.66e-17,0.059464051,1.48e-09,2.31e-05,-8.99e-13,1.03e-29,2.26e-29,0.117354828,-2.13e-10,1.13e-26,-4.44e-29,2.27e-20,-1.2e-19,1.83e-32,1.14e-31,1.88e-19,3.89e-19,3.36e-10,1.77e-13,0.047864981,5.61e-09,1.52e-18,7.58e-19,0.041858338,-1.45e-09,2.21e-11,-2.33e-16,0.110988368,1.17e-08,2.51e-11,-3.55e-17,0.00170494,-9.12e-11,0.001838607,-1.14e-09,1.83e-12,5.35e-17,2.86e-14,4.66e-17,0.004172274,3.75e-10,5.63e-15,2.54e-17,0.004084271,-1.74e-09,3.03e-05,-5.78e-17,0.002720018,1.5e-12,2.74e-05,-2.04e-11,0.471507966,0.0
0.38875,0.180514194,814.6126332,2.96e-05,-0.007558106,0.129631722,-6.28e-09,5.46e-06,9.5e-13,2.99e-26,-1.3e-19,9.42e-17,1.35e-17,1.27e-15,8.35e-17,0.060235186,4.71e-10,1.94e-05,-5.42e-13,6.06e-30,4.22e-29,0.115882875,-1.04e-10,1.54e-26,-9.78e-29,4.26e-20,-1.47e-19,2.9e-33,3.99e-32,6.71e-20,5.37e-21,1.82e-10,2.71e-13,0.052690736,2.38e-09,6.13e-19,6.61e-19,0.039469347,-5.61e-10,1.3e-11,-4.29e-16,0.121640138,4.91e-09,1.71e-11,-4.73e-17,0.00159021,-4.46e-11,0.001404928,-3.49e-10,1.14e-12,-5.06e-17,1.61e-14,-4.04e-17,0.004396133,1.8e-10,2.19e-15,2.21e-17,0.002931021,-5.78e-10,2.72e-05,-1.56e-17,0.002803986,-2.3e-11,1.85e-05,-5.35e-12,0.467253194,0.0
0.39432,0.178401268,809.7630162,2.93e-05,-0.006936918,0.140837212,-5.71e-09,4.42e-06,7.38e-13,2.36e-26,-1.04e-19,7.29e-17,7.71e-18,1.08e-15,2.91e-17,0.059489859,4.87e-10,1.65e-05,-5.69e-13,5.8e-30,2.52e-29,0.114792224,-8.99e-11,1.42e-26,-4.68e-29,4.07e-20,-1.21e-19,1.52e-33,1.33e-32,4.48e-20,-6.64e-20,1.82e-10,2.49e-13,0.050860443,2.21e-09,4.9e-19,-2.99e-19,0.038420831,-4.93e-10,1.13e-11,-1.6e-16,0.118586322,4.51e-09,1.52e-11,-3.03e-17,0.001581321,-3.41e-11,0.002120202,-4.36e-10,1.17e-12,-5.25e-17,1.69e-14,-8.37e-17,0.004119185,1.53e-10,2.3e-15,-1.13e-17,0.003464648,-5.82e-10,2.38e-05,-8.51e-18,0.00294611,-8.14e-12,2.75e-05,-6.79e-12,0.462709394,0.0
0.39989,6.18e-12,874.8678425,3.07e-05,-4.15e-10,0.399885297,3.35e-16,5.63e-36,-3.7e-29,4.06e-26,-5.88e-26,1.29e-24,-1.8e-24,1.17e-23,-1.52e-21,1.64e-17,-1.9e-19,3.6e-15,-6.7e-18,0.139832552,1.44e-16,6.18e-12,-7.69e-17,9.42e-16,-7.67e-18,8.26e-21,-5.77e-20,4.24e-44,-1.21e-36,1.86e-33,-9.67e-27,3.37e-20,4.6e-22,2.96e-20,0.0,1.1e-32,-2.21e-25,2.29e-16,-2.81e-18,5.04e-24,1.3e-21,4.5e-12,-1.16e-16,2.69e-30,2.89e-25,6.84e-22,0.0,7.77e-12,-1.41e-16,2.67e-21,8.17e-23,1.66e-22,-1.49e-21,1.67e-21,1.52e-26,6.53e-26,4.01e-21,4.82e-12,-1.27e-16,6.86e-24,3.62e-25,2.63e-22,-2.61e-27,4.57e-23,2.69e-27,0.460282151,0.0
0.40545,0.174480097,802.5095645,2.89e-05,-0.006045689,0.158293245,-4.86e-09,3.18e-06,4.95e-13,1.61e-26,-7.34e-20,4.89e-17,2.57e-18,8.24e-16,5.75e-19,0.058128226,4.9e-10,1.3e-05,-5.23e-13,5.42e-30,3.04e-29,0.112622304,-7.12e-11,1.29e-26,-5.68e-29,3.73e-20,-8.7e-20,5.64e-34,1.22e-33,2.42e-20,-8.84e-20,1.8e-10,2.25e-13,0.048229408,1.93e-09,3.46e-19,-3.68e-19,0.036988857,-3.88e-10,9.18e-12,1.28e-17,0.114390429,3.9e-09,1.27e-11,-2.03e-17,0.001557308,-2.1e-11,0.003707118,-5.45e-10,1.2e-12,-4.28e-17,1.8e-14,-8.64e-17,0.003729567,1.18e-10,2.4e-15,-2.54e-17,0.004362416,-5.67e-10,1.95e-05,-3.34e-18,0.003136161,1.31e-11,4.75e-05,-8.96e-12,0.45477172,0.0
0.41102,0.172320894,798.5450641,2.87e-05,-0.005599988,0.168292656,-4.42e-09,2.57e-06,3.93e-13,2.25e-26,-1.04e-19,3.89e-17,1.2e-16,7.08e-16,6.15e-16,0.057286235,4.85e-10,1.15e-05,-4.83e-13,9.3e-30,8.28e-29,0.111516452,-6.22e-11,2.22e-26,-1.68e-28,6.13e-20,-1.25e-19,3.22e-34,7.58e-32,1.7e-20,7.06e-19,1.78e-10,4.52e-13,0.046535516,1.79e-09,2.83e-19,-1.59e-18,0.036098628,-3.33e-10,8.09e-12,-2.13e-15,0.111552013,3.59e-09,1.13e-11,-1.28e-16,0.001531747,-1.51e-11,0.00495742,-5.96e-10,1.21e-12,-1.58e-15,1.86e-14,-1.77e-15,0.003518207,1.02e-10,2.44e-15,-2.07e-16,0.004926835,-5.55e-10,1.74e-05,-4.24e-18,0.003221943,2.42e-11,6.33e-05,-1.04e-11,0.450467603,0.0
0.41659,0.170249734,794.7997805,2.85e-05,-0.005204813,0.177301403,-4.05e-09,2.08e-06,3.13e-13,1.03e-26,-4.81e-20,3.15e-17,7.07e-18,6.17e-16,6.05e-17,0.056422364,4.77e-10,1.01e-05,-4.52e-13,5.32e-30,-1.03e-28,0.110486562,-5.49e-11,6.83e-27,1.89e-28,3.25e-20,-5.86e-20,1.91e-34,1.27e-32,1.23e-20,2.94e-20,1.76e-10,1.08e-13,0.044999584,1.67e-09,2.36e-19,6.38e-20,0.035319764,-2.9e-10,7.22e-12,-1.57e-16,0.108990971,3.32e-09,1.02e-11,-1.57e-17,0.001497594,-1.02e-11,0.006339197,-6.29e-10,1.22e-12,-5.73e-17,1.91e-14,-1.2e-16,0.003340808,8.85e-11,2.46e-15,-1.17e-17,0.00545685,-5.4e-10,1.56e-05,-1.46e-18,0.003281518,3.32e-11,8.17e-05,-1.19e-11,0.446453922,0.0
0.42216,8.48e-12,859.0873684,2.99e-05,-9.49e-07,0.422158498,3.35e-13,7.2e-30,4.92e-23,4.35e-24,-6.04e-20,1.72e-22,4.77e-19,1.78e-20,-1.82e-17,3.55e-13,2.45e-18,3.16e-14,-9.06e-16,0.13464268,2.32e-13,8.12e-12,-1.29e-13,1.46e-13,-1.01e-13,1.09e-14,5.05e-14,1.28e-38,-3.71e-31,6.32e-28,3.28e-21,3.59e-17,1.38e-15,4.68e-13,6.34e-26,5.89e-27,-1.18e-19,9.72e-14,1.66e-18,3.76e-24,-3.35e-18,6.94e-12,-1.15e-13,2.55e-24,-2.64e-19,7.71e-14,6.06e-26,1e-11,-1.48e-13,2.82e-18,-1.01e-17,2.4e-19,7.24e-18,8.53e-15,-5.15e-21,8.32e-25,-2.68e-18,7.69e-12,-1.25e-13,8.83e-17,1.93e-19,1e-15,1.37e-20,4.89e-16,-1.41e-20,0.443198822,0.0
0.42773,0.165805086,787.000393,2.81e-05,-0.004377376,0.196562173,-3.31e-09,1.24e-06,1.88e-13,1.48e-26,-7.14e-20,2.01e-17,1.67e-16,4.55e-16,1.98e-15,0.054341795,4.44e-10,7.91e-06,-3.54e-13,1.2e-29,1.79e-29,0.108482387,-4.11e-11,2.02e-26,-3.44e-29,6.47e-20,-8.92e-20,6.31e-35,3.89e-32,6.17e-21,9.83e-19,1.68e-10,4.43e-13,0.041606321,1.41e-09,1.57e-19,8.15e-19,0.033521152,-2.14e-10,5.55e-12,-3.69e-15,0.103122149,2.77e-09,8.12e-12,-2.06e-16,0.001408095,-2.47e-12,0.009970402,-6.5e-10,1.23e-12,-3.31e-15,1.98e-14,-3.68e-15,0.002980904,6.49e-11,2.44e-15,-3.77e-16,0.006660211,-4.96e-10,1.24e-05,-3.37e-18,0.003325004,4.91e-11,0.000133637,-1.63e-11,0.437864255,0.0
0.4333,1.91e-13,844.6059573,2.93e-05,-8.7e-10,0.433295099,3.04e-16,8.54e-37,6.39e-30,5.23e-28,-1.83e-25,2.43e-26,-2.47e-23,1.61e-23,-2.49e-22,1.06e-19,-1.27e-21,6.51e-17,-1.26e-19,0.132047744,2.18e-16,1.91e-13,-1.23e-16,2.92e-17,-1.08e-16,1.79e-17,5.57e-17,5.04e-45,1.5e-37,3.04e-34,1.59e-27,3.26e-20,-2.12e-21,3.31e-19,3.9e-35,4.32e-32,-8.7e-25,1.22e-18,-1.62e-20,2.73e-26,-4.42e-23,1.34e-13,-9.96e-17,8.75e-30,-8.83e-25,1.1e-18,0.0,2.45e-13,-1.4e-16,2.76e-21,-8.04e-22,2.93e-22,-1.96e-22,8.24e-23,-2.5e-27,4.26e-28,-1.74e-23,1.44e-13,-1.07e-16,5.58e-21,1.43e-24,4.23e-22,3.15e-27,2.22e-22,-3.23e-27,0.434657157,0.0
0.43886,0.160650263,736.3368099,2.65e-05,-0.000526602,0.214247974,-5.25e-10,9.85e-09,1.92e-15,1.28e-27,6.1e-21,1.26e-18,-1.61e-19,6.77e-17,-1.65e-17,0.048337918,7.45e-11,1.87e-06,-3.53e-14,3.89e-16,-1.24e-16,0.109149145,-5.05e-12,8.65e-18,-8.23e-20,2.56e-19,1.29e-21,2.27e-38,1.17e-32,5.19e-23,2.26e-22,5.75e-11,-2.02e-13,0.040274353,2.05e-10,1.89e-20,-3.69e-20,0.043762483,-6.47e-11,1.32e-12,1.87e-17,0.086016703,4.38e-10,3.01e-12,8.04e-18,0.001458248,-3.13e-13,0.013770149,-5.05e-11,9.21e-13,3.69e-17,9.73e-15,2.25e-17,0.0031632,9.32e-12,7.34e-16,-1.38e-18,0.00732607,-8.42e-11,2e-06,1.6e-16,0.001630263,1.21e-11,0.000473285,-8.86e-12,0.430386325,0.0
0.44443,0.158676729,735.6724813,2.64e-05,-0.000530075,0.224534663,-5.3e-10,9.42e-09,1.86e-15,1.13e-27,5.46e-21,1.3e-18,-1.46e-19,6.4e-17,-1.52e-17,0.048106175,7.85e-11,1.97e-06,-3.86e-14,5.92e-16,-1.84e-16,0.107620722,-4.89e-12,1.31e-17,-1.21e-19,4.21e-19,-4.35e-21,2.43e-38,1.58e-32,5.12e-23,2.43e-22,5.86e-11,-1.99e-13,0.038281985,2.09e-10,1.69e-20,-2.85e-20,0.041284321,-6.52e-11,1.28e-12,1.62e-17,0.084864668,4.44e-10,3e-12,7.87e-18,0.001360937,1.11e-13,0.014640743,-5.65e-11,9.44e-13,3.58e-17,1.01e-14,2.2e-17,0.002949832,8.89e-12,7.78e-16,-9.56e-19,0.007978167,-8.81e-11,1.92e-06,2.36e-16,0.001724056,1.35e-11,0.000534338,-9.63e-12,0.426115492,0.0
0.45,5.3e-10,785.0274967,2.76e-05,-4.18e-05,0.450000001,1.58e-11,5.71e-32,3.88e-25,6.02e-24,3.75e-21,5.14e-22,2.97e-21,7.28e-19,-2.36e-17,3.9e-15,1.85e-18,1.56e-13,-2.17e-15,0.12815534,1.14e-11,5.3e-10,-6.42e-12,1.35e-11,-6.43e-12,6.94e-12,3.32e-12,8.95e-36,3.03e-28,1.66e-28,9.27e-22,1.95e-15,-3.43e-17,4.46e-15,2.13e-26,4.4e-27,-9.44e-20,2.04e-15,2.57e-18,4.77e-24,-3.81e-18,3.71e-10,-4.53e-12,6.79e-25,-6.23e-20,1.04e-14,0.0,6.84e-10,-8.25e-12,1.8e-16,-1.61e-17,5.65e-17,8.03e-18,2.05e-16,-1.45e-21,5.54e-25,-2.05e-18,3.97e-10,-4.85e-12,5.99e-18,1.55e-19,2.61e-17,1.03e-23,1.59e-17,-1.06e-23,0.42184466,0.0
0.4789473684210526,0.0,300.0,1.2611857818597878e-05,0.0,0.4789473684210526,0.0,0.0,0.0,0.0,0.0,0.0,0.0,0.0,0.0,0.0,0.0,0.0,0.0,0.12141032192130813,0.0,0.0,0.0,0.0,0.0,0.0,0.0,0.0,0.0,0.0,0.0,0.0,0.0,0.0,0.0,0.0,0.0,0.0,0.0,0.0,0.0,0.0,0.0,0.0,0.0,0.0,0.0,0.0,0.0,0.0,0.0,0.0,0.0,0.0,0.0,0.0,0.0,0.0,0.0,0.0,0.0,0.0,0.0,0.0,0.0,0.3996423096576393,0.0
0.5078947368421053,0.0,300.0,1.2324886166428755e-05,0.0,0.5078947368421053,0.0,0.0,0.0,0.0,0.0,0.0,0.0,0.0,0.0,0.0,0.0,0.0,0.0,0.114665304036791,0.0,0.0,0.0,0.0,0.0,0.0,0.0,0.0,0.0,0.0,0.0,0.0,0.0,0.0,0.0,0.0,0.0,0.0,0.0,0.0,0.0,0.0,0.0,0.0,0.0,0.0,0.0,0.0,0.0,0.0,0.0,0.0,0.0,0.0,0.0,0.0,0.0,0.0,0.0,0.0,0.0,0.0,0.0,0.0,0.0,0.37743995912110373,0.0
0.5368421052631579,0.0,300.0,1.2043301037038863e-05,0.0,0.5368421052631579,0.0,0.0,0.0,0.0,0.0,0.0,0.0,0.0,0.0,0.0,0.0,0.0,0.0,0.10792028615227388,0.0,0.0,0.0,0.0,0.0,0.0,0.0,0.0,0.0,0.0,0.0,0.0,0.0,0.0,0.0,0.0,0.0,0.0,0.0,0.0,0.0,0.0,0.0,0.0,0.0,0.0,0.0,0.0,0.0,0.0,0.0,0.0,0.0,0.0,0.0,0.0,0.0,0.0,0.0,0.0,0.0,0.0,0.0,0.0,0.0,0.3552376085845682,0.0
0.5657894736842105,0.0,300.0,1.1766974527381488e-05,0.0,0.5657894736842105,0.0,0.0,0.0,0.0,0.0,0.0,0.0,0.0,0.0,0.0,0.0,0.0,0.0,0.10117526826775676,0.0,0.0,0.0,0.0,0.0,0.0,0.0,0.0,0.0,0.0,0.0,0.0,0.0,0.0,0.0,0.0,0.0,0.0,0.0,0.0,0.0,0.0,0.0,0.0,0.0,0.0,0.0,0.0,0.0,0.0,0.0,0.0,0.0,0.0,0.0,0.0,0.0,0.0,0.0,0.0,0.0,0.0,0.0,0.0,0.0,0.3330352580480327,0.0
0.5947368421052632,0.0,300.0,1.149578249748106e-05,0.0,0.5947368421052632,0.0,0.0,0.0,0.0,0.0,0.0,0.0,0.0,0.0,0.0,0.0,0.0,0.0,0.09443025038323963,0.0,0.0,0.0,0.0,0.0,0.0,0.0,0.0,0.0,0.0,0.0,0.0,0.0,0.0,0.0,0.0,0.0,0.0,0.0,0.0,0.0,0.0,0.0,0.0,0.0,0.0,0.0,0.0,0.0,0.0,0.0,0.0,0.0,0.0,0.0,0.0,0.0,0.0,0.0,0.0,0.0,0.0,0.0,0.0,0.0,0.3108329075114971,0.0
0.6236842105263158,0.0,300.0,1.1229604437272227e-05,0.0,0.6236842105263158,0.0,0.0,0.0,0.0,0.0,0.0,0.0,0.0,0.0,0.0,0.0,0.0,0.0,0.08768523249872251,0.0,0.0,0.0,0.0,0.0,0.0,0.0,0.0,0.0,0.0,0.0,0.0,0.0,0.0,0.0,0.0,0.0,0.0,0.0,0.0,0.0,0.0,0.0,0.0,0.0,0.0,0.0,0.0,0.0,0.0,0.0,0.0,0.0,0.0,0.0,0.0,0.0,0.0,0.0,0.0,0.0,0.0,0.0,0.0,0.0,0.28863055697496165,0.0
0.6526315789473685,0.0,300.0,1.0968323338965297e-05,0.0,0.6526315789473685,0.0,0.0,0.0,0.0,0.0,0.0,0.0,0.0,0.0,0.0,0.0,0.0,0.0,0.0809402146142054,0.0,0.0,0.0,0.0,0.0,0.0,0.0,0.0,0.0,0.0,0.0,0.0,0.0,0.0,0.0,0.0,0.0,0.0,0.0,0.0,0.0,0.0,0.0,0.0,0.0,0.0,0.0,0.0,0.0,0.0,0.0,0.0,0.0,0.0,0.0,0.0,0.0,0.0,0.0,0.0,0.0,0.0,0.0,0.0,0.0,0.26642820643842613,0.0
0.6815789473684211,0.0,300.0,1.0711825574674522e-05,0.0,0.6815789473684211,0.0,0.0,0.0,0.0,0.0,0.0,0.0,0.0,0.0,0.0,0.0,0.0,0.0,0.07419519672968829,0.0,0.0,0.0,0.0,0.0,0.0,0.0,0.0,0.0,0.0,0.0,0.0,0.0,0.0,0.0,0.0,0.0,0.0,0.0,0.0,0.0,0.0,0.0,0.0,0.0,0.0,0.0,0.0,0.0,0.0,0.0,0.0,0.0,0.0,0.0,0.0,0.0,0.0,0.0,0.0,0.0,0.0,0.0,0.0,0.0,0.24422585590189064,0.0
0.7105263157894737,0.0,300.0,1.0460000779059829e-05,0.0,0.7105263157894737,0.0,0.0,0.0,0.0,0.0,0.0,0.0,0.0,0.0,0.0,0.0,0.0,0.0,0.06745017884517118,0.0,0.0,0.0,0.0,0.0,0.0,0.0,0.0,0.0,0.0,0.0,0.0,0.0,0.0,0.0,0.0,0.0,0.0,0.0,0.0,0.0,0.0,0.0,0.0,0.0,0.0,0.0,0.0,0.0,0.0,0.0,0.0,0.0,0.0,0.0,0.0,0.0,0.0,0.0,0.0,0.0,0.0,0.0,0.0,0.0,0.22202350536535514,0.0
0.7394736842105263,0.0,300.0,1.0212741736746003e-05,0.0,0.7394736842105263,0.0,0.0,0.0,0.0,0.0,0.0,0.0,0.0,0.0,0.0,0.0,0.0,0.0,0.060705160960654064,0.0,0.0,0.0,0.0,0.0,0.0,0.0,0.0,0.0,0.0,0.0,0.0,0.0,0.0,0.0,0.0,0.0,0.0,0.0,0.0,0.0,0.0,0.0,0.0,0.0,0.0,0.0,0.0,0.0,0.0,0.0,0.0,0.0,0.0,0.0,0.0,0.0,0.0,0.0,0.0,0.0,0.0,0.0,0.0,0.0,0.19982115482881965,0.0
0.768421052631579,0.0,300.0,9.969944274295868e-06,0.0,0.768421052631579,0.0,0.0,0.0,0.0,0.0,0.0,0.0,0.0,0.0,0.0,0.0,0.0,0.0,0.053960143076136925,0.0,0.0,0.0,0.0,0.0,0.0,0.0,0.0,0.0,0.0,0.0,0.0,0.0,0.0,0.0,0.0,0.0,0.0,0.0,0.0,0.0,0.0,0.0,0.0,0.0,0.0,0.0,0.0,0.0,0.0,0.0,0.0,0.0,0.0,0.0,0.0,0.0,0.0,0.0,0.0,0.0,0.0,0.0,0.0,0.0,0.17761880429228405,0.0
0.7973684210526316,0.0,300.0,9.731507156525823e-06,0.0,0.7973684210526316,0.0,0.0,0.0,0.0,0.0,0.0,0.0,0.0,0.0,0.0,0.0,0.0,0.0,0.047215125191619814,0.0,0.0,0.0,0.0,0.0,0.0,0.0,0.0,0.0,0.0,0.0,0.0,0.0,0.0,0.0,0.0,0.0,0.0,0.0,0.0,0.0,0.0,0.0,0.0,0.0,0.0,0.0,0.0,0.0,0.0,0.0,0.0,0.0,0.0,0.0,0.0,0.0,0.0,0.0,0.0,0.0,0.0,0.0,0.0,0.0,0.15541645375574856,0.0
0.8263157894736843,0.0,300.0,9.49733198696322e-06,0.0,0.8263157894736843,0.0,0.0,0.0,0.0,0.0,0.0,0.0,0.0,0.0,0.0,0.0,0.0,0.0,0.040470107307102675,0.0,0.0,0.0,0.0,0.0,0.0,0.0,0.0,0.0,0.0,0.0,0.0,0.0,0.0,0.0,0.0,0.0,0.0,0.0,0.0,0.0,0.0,0.0,0.0,0.0,0.0,0.0,0.0,0.0,0.0,0.0,0.0,0.0,0.0,0.0,0.0,0.0,0.0,0.0,0.0,0.0,0.0,0.0,0.0,0.0,0.13321410321921298,0.0
0.855263157894737,0.0,300.0,9.267323112255533e-06,0.0,0.855263157894737,0.0,0.0,0.0,0.0,0.0,0.0,0.0,0.0,0.0,0.0,0.0,0.0,0.0,0.033725089422585564,0.0,0.0,0.0,0.0,0.0,0.0,0.0,0.0,0.0,0.0,0.0,0.0,0.0,0.0,0.0,0.0,0.0,0.0,0.0,0.0,0.0,0.0,0.0,0.0,0.0,0.0,0.0,0.0,0.0,0.0,0.0,0.0,0.0,0.0,0.0,0.0,0.0,0.0,0.0,0.0,0.0,0.0,0.0,0.0,0.0,0.11101175268267749,0.0
0.8842105263157896,0.0,300.0,9.041387530351109e-06,0.0,0.8842105263157896,0.0,0.0,0.0,0.0,0.0,0.0,0.0,0.0,0.0,0.0,0.0,0.0,0.0,0.02698007153806845,0.0,0.0,0.0,0.0,0.0,0.0,0.0,0.0,0.0,0.0,0.0,0.0,0.0,0.0,0.0,0.0,0.0,0.0,0.0,0.0,0.0,0.0,0.0,0.0,0.0,0.0,0.0,0.0,0.0,0.0,0.0,0.0,0.0,0.0,0.0,0.0,0.0,0.0,0.0,0.0,0.0,0.0,0.0,0.0,0.0,0.08880940214614198,0.0
0.9131578947368422,0.0,300.0,8.819434802280573e-06,0.0,0.9131578947368422,0.0,0.0,0.0,0.0,0.0,0.0,0.0,0.0,0.0,0.0,0.0,0.0,0.0,0.020235053653551337,0.0,0.0,0.0,0.0,0.0,0.0,0.0,0.0,0.0,0.0,0.0,0.0,0.0,0.0,0.0,0.0,0.0,0.0,0.0,0.0,0.0,0.0,0.0,0.0,0.0,0.0,0.0,0.0,0.0,0.0,0.0,0.0,0.0,0.0,0.0,0.0,0.0,0.0,0.0,0.0,0.0,0.0,0.0,0.0,0.0,0.06660705160960649,0.0
0.9421052631578948,0.0,300.0,8.601376967376796e-06,0.0,0.9421052631578948,0.0,0.0,0.0,0.0,0.0,0.0,0.0,0.0,0.0,0.0,0.0,0.0,0.0,0.013490035769034224,0.0,0.0,0.0,0.0,0.0,0.0,0.0,0.0,0.0,0.0,0.0,0.0,0.0,0.0,0.0,0.0,0.0,0.0,0.0,0.0,0.0,0.0,0.0,0.0,0.0,0.0,0.0,0.0,0.0,0.0,0.0,0.0,0.0,0.0,0.0,0.0,0.0,0.0,0.0,0.0,0.0,0.0,0.0,0.0,0.0,0.04440470107307099,0.0
0.9710526315789474,0.0,300.0,8.387128461779413e-06,0.0,0.9710526315789474,0.0,0.0,0.0,0.0,0.0,0.0,0.0,0.0,0.0,0.0,0.0,0.0,0.0,0.006745017884517112,0.0,0.0,0.0,0.0,0.0,0.0,0.0,0.0,0.0,0.0,0.0,0.0,0.0,0.0,0.0,0.0,0.0,0.0,0.0,0.0,0.0,0.0,0.0,0.0,0.0,0.0,0.0,0.0,0.0,0.0,0.0,0.0,0.0,0.0,0.0,0.0,0.0,0.0,0.0,0.0,0.0,0.0,0.0,0.0,0.0,0.022202350536535496,0.0
1.0,0.0,300.0,8.176606040077857e-06,0.0,1.0,0.0,0.0,0.0,0.0,0.0,0.0,0.0,0.0,0.0,0.0,0.0,0.0,0.0,0.0,0.0,0.0,0.0,0.0,0.0,0.0,0.0,0.0,0.0,0.0,0.0,0.0,0.0,0.0,0.0,0.0,0.0,0.0,0.0,0.0,0.0,0.0,0.0,0.0,0.0,0.0,0.0,0.0,0.0,0.0,0.0,0.0,0.0,0.0,0.0,0.0,0.0,0.0,0.0,0.0,0.0,0.0,0.0,0.0,0.0,0.0,0.0
